employee_id,department,designation,employment_type,location,age,tenure_months,months_since_last_hike,current_salary,last_hike_percentage,total_leaves_taken,leave_trend_flag,productivity_score,productivity_trend_flag,bench_days_last_6mo,manager_change_count,number_of_client_switches,Attrition
1,Finance,Associate,Full-time,Remote,52,107,10,40472,9.5,10,1,70.9,1,47,0,0,0
2,Operations,Associate,Full-time,Onsite,35,117,23,110800,23.3,18,0,71.2,0,2,1,0,0
3,HR,Senior Associate,Contract,Hybrid,51,6,34,113227,17.9,15,0,97.0,0,59,0,0,0
4,Operations,Manager,Full-time,Hybrid,48,73,22,139023,23.2,7,1,79.0,1,1,1,0,0
5,Operations,Associate,Full-time,Hybrid,37,65,31,62632,19.9,28,1,56.6,1,37,0,0,1
6,Sales,Manager,Full-time,Remote,27,76,22,63743,15.2,0,0,71.9,0,39,0,1,0
7,HR,Senior Associate,Full-time,Remote,54,58,33,138552,2.9,9,1,77.6,1,55,0,1,1
8,HR,Senior Associate,Full-time,Hybrid,39,78,18,108538,7.3,1,1,78.4,0,38,0,0,0
9,HR,Manager,Full-time,Hybrid,37,6,1,142517,24.2,18,0,75.1,0,38,0,0,0
10,Operations,Senior Associate,Full-time,Onsite,33,65,1,73386,8.0,13,0,50.7,0,23,0,0,0
11,Finance,Team Lead,Full-time,Onsite,41,86,14,123786,2.3,2,0,42.0,0,20,1,1,1
12,HR,Team Lead,Contract,Onsite,50,34,20,73388,17.7,22,0,60.3,0,50,0,0,0
13,Marketing,Senior Associate,Contract,Remote,51,56,34,51323,18.4,28,0,65.7,0,17,0,0,0
14,Operations,Team Lead,Full-time,Hybrid,47,75,4,99269,7.1,23,0,43.7,1,34,1,0,0
15,Sales,Associate,Full-time,Remote,43,3,26,71319,7.4,8,0,88.9,0,10,0,0,0
16,Finance,Manager,Contract,Hybrid,54,42,23,97759,11.7,22,1,60.6,0,10,0,1,0
17,Marketing,Associate,Contract,Onsite,50,62,6,46868,0.5,7,0,94.8,0,2,0,0,0
18,Marketing,Manager,Full-time,Onsite,43,6,5,129732,19.7,10,0,49.3,0,59,0,2,1
19,Sales,Senior Associate,Full-time,Onsite,34,6,32,32080,7.9,14,0,43.4,0,22,0,0,0
20,Finance,Associate,Full-time,Onsite,30,63,16,43776,21.3,5,1,68.9,0,0,1,0,0
21,Operations,Senior Associate,Full-time,Hybrid,45,20,29,96231,20.1,1,1,51.3,1,22,0,0,0
22,Engineering,Senior Associate,Contract,Onsite,36,21,7,85452,16.5,0,0,96.2,0,21,0,0,0
23,Finance,Manager,Full-time,Hybrid,57,2,6,83812,8.1,2,1,40.6,0,58,1,0,0
24,Sales,Manager,Contract,Hybrid,34,90,5,93271,12.9,24,1,64.8,0,41,0,0,0
25,Marketing,Manager,Full-time,Remote,48,95,3,128505,11.1,28,1,95.6,0,29,1,1,0
26,Operations,Associate,Contract,Onsite,28,90,0,107585,8.5,22,1,63.1,1,1,0,0,0
27,Finance,Team Lead,Full-time,Onsite,29,56,14,88542,21.2,17,0,45.6,0,57,0,2,0
28,Engineering,Manager,Full-time,Remote,35,96,30,45628,12.1,13,0,58.2,0,16,0,0,0
29,Engineering,Manager,Full-time,Hybrid,33,10,24,38265,20.8,16,0,69.9,1,40,0,1,1
30,HR,Associate,Full-time,Onsite,57,87,32,54671,2.6,1,0,51.1,0,49,0,2,1
31,HR,Manager,Full-time,Hybrid,38,70,34,42460,3.5,18,0,68.0,0,19,1,2,0
32,Sales,Associate,Contract,Remote,50,23,4,33477,24.4,29,1,90.2,1,8,1,0,0
33,Finance,Senior Associate,Full-time,Hybrid,48,92,4,32202,14.7,21,0,92.4,1,56,0,1,0
34,Finance,Manager,Contract,Onsite,22,113,35,143846,12.7,27,1,43.0,0,59,0,1,1
35,Marketing,Manager,Contract,Hybrid,55,30,16,119410,13.1,8,0,49.7,0,10,0,0,1
36,Marketing,Senior Associate,Full-time,Hybrid,25,78,13,142928,5.4,7,0,56.5,1,16,0,0,0
37,Marketing,Senior Associate,Full-time,Onsite,45,37,28,136753,18.0,9,0,75.7,0,13,0,0,0
38,HR,Senior Associate,Full-time,Onsite,42,55,7,41850,2.1,8,0,61.7,0,17,0,0,0
39,Finance,Manager,Full-time,Hybrid,54,96,33,134621,14.3,26,1,90.6,0,17,1,0,0
40,Finance,Team Lead,Full-time,Hybrid,28,49,0,50809,14.3,26,1,83.0,0,43,0,0,0
41,Engineering,Team Lead,Full-time,Remote,22,34,28,100886,22.9,7,0,46.0,0,49,1,0,1
42,HR,Team Lead,Full-time,Onsite,24,105,35,32806,13.2,6,1,77.5,0,7,0,2,0
43,Operations,Manager,Full-time,Hybrid,36,44,28,37163,3.4,21,1,46.8,1,28,0,0,1
44,HR,Senior Associate,Full-time,Onsite,52,115,4,124368,14.3,23,0,55.3,0,7,0,0,0
45,Operations,Manager,Full-time,Remote,37,22,31,30185,2.3,5,0,50.7,0,25,0,0,1
46,Engineering,Senior Associate,Contract,Hybrid,31,31,23,136374,5.1,1,0,50.4,0,27,1,1,0
47,Sales,Manager,Full-time,Hybrid,50,7,18,54718,0.8,28,0,77.0,1,7,0,0,1
48,Finance,Manager,Contract,Hybrid,27,105,11,107081,12.8,8,1,73.8,0,59,0,1,1
49,Engineering,Senior Associate,Full-time,Onsite,50,21,0,86202,2.1,8,0,50.6,0,19,0,1,0
50,Finance,Team Lead,Full-time,Remote,38,16,6,55215,11.7,18,0,99.4,0,46,0,0,0
51,Marketing,Senior Associate,Full-time,Onsite,43,20,16,58325,23.3,8,0,65.3,0,7,0,0,0
52,Sales,Associate,Full-time,Hybrid,45,43,33,48458,18.0,1,1,45.8,1,13,0,0,0
53,Sales,Associate,Full-time,Remote,38,44,6,46006,1.9,27,1,47.2,0,12,0,0,1
54,Engineering,Senior Associate,Full-time,Hybrid,42,47,16,124080,5.6,29,0,75.0,0,54,0,0,0
55,Sales,Manager,Full-time,Hybrid,32,114,2,62969,16.8,18,0,98.7,1,39,1,0,0
56,Operations,Associate,Full-time,Onsite,28,19,28,106820,22.4,15,0,74.3,0,16,0,0,0
57,Sales,Associate,Full-time,Hybrid,26,48,21,134014,0.8,29,1,96.9,0,50,0,0,0
58,Finance,Manager,Full-time,Remote,42,96,28,147853,20.3,21,0,66.6,0,25,0,0,0
59,Finance,Manager,Full-time,Hybrid,39,79,4,57655,14.0,13,1,66.2,0,5,1,0,0
60,Finance,Team Lead,Full-time,Hybrid,56,69,29,124679,13.7,19,1,70.0,0,16,2,0,1
61,Finance,Manager,Full-time,Onsite,41,11,22,111234,23.9,23,0,81.8,0,3,1,2,0
62,Operations,Senior Associate,Full-time,Remote,36,79,20,130406,18.7,0,0,62.1,0,24,0,0,0
63,HR,Senior Associate,Full-time,Onsite,26,29,25,39102,21.3,12,0,91.8,0,6,0,1,0
64,Marketing,Team Lead,Contract,Hybrid,34,114,20,97107,8.8,21,0,41.8,1,16,0,0,0
65,Engineering,Associate,Full-time,Onsite,33,45,19,133429,13.9,1,0,66.4,1,59,0,1,1
66,Finance,Associate,Full-time,Onsite,42,68,22,135001,15.4,21,0,70.7,1,21,0,2,0
67,Sales,Manager,Full-time,Onsite,27,113,3,51553,8.0,13,0,76.4,0,53,0,1,0
68,Finance,Senior Associate,Full-time,Onsite,28,36,20,114079,14.3,0,0,56.6,1,27,0,0,1
69,Sales,Associate,Full-time,Hybrid,47,48,20,124437,5.9,14,1,65.6,0,49,0,0,1
70,Marketing,Team Lead,Full-time,Hybrid,29,87,0,109570,3.6,17,0,69.1,0,5,1,1,0
71,Marketing,Team Lead,Full-time,Remote,30,15,14,122656,9.3,8,0,81.2,0,29,1,1,0
72,Marketing,Senior Associate,Full-time,Onsite,48,110,16,96865,18.5,21,1,86.4,0,9,2,0,0
73,Sales,Team Lead,Full-time,Onsite,25,44,13,148301,22.9,7,0,84.3,0,49,1,0,1
74,Finance,Team Lead,Full-time,Remote,42,67,18,71420,11.4,6,1,60.5,0,55,2,0,1
75,Marketing,Senior Associate,Full-time,Onsite,52,96,33,55382,16.1,8,1,100.0,0,38,0,2,0
76,Operations,Manager,Full-time,Remote,42,74,5,99235,2.6,8,0,90.9,0,13,0,1,0
77,Sales,Manager,Full-time,Hybrid,46,40,5,68795,22.6,10,0,55.6,1,53,0,0,1
78,Sales,Team Lead,Full-time,Remote,36,102,4,81425,14.2,3,0,51.7,0,45,0,0,0
79,Finance,Manager,Full-time,Onsite,56,86,6,87402,19.5,6,0,58.8,0,41,0,2,0
80,Sales,Manager,Full-time,Remote,49,14,32,92539,19.9,20,0,67.1,1,21,0,0,0
81,Sales,Team Lead,Full-time,Hybrid,35,63,12,106203,6.4,6,1,91.0,0,56,1,1,0
82,Marketing,Manager,Full-time,Onsite,25,81,0,133127,13.2,3,0,86.7,0,40,1,0,0
83,Finance,Team Lead,Full-time,Hybrid,41,85,12,137651,24.0,11,0,91.1,0,25,0,0,0
84,Marketing,Associate,Full-time,Hybrid,55,51,26,53459,2.2,25,1,56.3,1,9,0,0,1
85,Marketing,Senior Associate,Full-time,Remote,33,112,6,79649,17.1,26,1,75.6,1,1,0,1,0
86,Finance,Senior Associate,Full-time,Hybrid,54,79,2,102495,24.1,26,0,57.0,0,2,0,1,0
87,Engineering,Manager,Full-time,Onsite,45,58,24,125117,7.5,16,0,46.5,0,47,1,0,0
88,Marketing,Manager,Full-time,Hybrid,41,15,32,76384,21.5,19,0,81.1,0,41,2,0,1
89,Operations,Manager,Contract,Hybrid,26,65,16,101746,23.3,28,1,48.6,0,54,3,0,1
90,Operations,Senior Associate,Full-time,Remote,51,88,13,108053,18.7,25,0,80.1,1,10,1,1,0
91,Sales,Associate,Full-time,Hybrid,45,55,22,86278,5.8,2,1,78.9,0,9,0,1,0
92,Operations,Associate,Full-time,Remote,28,119,23,108156,8.4,8,0,88.6,0,11,1,0,0
93,Sales,Senior Associate,Contract,Remote,57,76,28,66744,0.9,4,1,48.4,1,13,0,0,0
94,Engineering,Associate,Contract,Onsite,37,10,26,118340,20.8,19,0,87.0,0,29,0,1,0
95,Finance,Senior Associate,Full-time,Onsite,36,110,22,60568,21.2,15,1,100.0,1,40,1,1,1
96,Finance,Associate,Full-time,Onsite,44,106,30,47991,15.8,7,1,91.1,1,59,0,0,0
97,Finance,Team Lead,Full-time,Onsite,33,42,35,38912,8.8,20,0,85.1,0,12,0,1,0
98,Operations,Team Lead,Full-time,Remote,50,116,16,62527,1.9,15,1,79.7,1,29,1,0,0
99,Engineering,Senior Associate,Full-time,Hybrid,36,95,2,126399,18.8,18,1,65.3,0,37,0,1,1
100,Operations,Associate,Full-time,Onsite,50,11,35,80426,18.2,15,1,83.8,0,10,1,0,1
101,Operations,Manager,Full-time,Onsite,42,118,4,140363,22.8,17,0,83.5,1,0,0,0,0
102,Engineering,Associate,Full-time,Onsite,36,16,14,128994,18.3,14,0,77.9,0,26,0,0,0
103,Engineering,Team Lead,Contract,Hybrid,35,73,5,50407,20.7,23,1,87.8,0,46,0,0,0
104,Engineering,Team Lead,Full-time,Onsite,37,111,9,42344,18.6,27,1,66.9,0,38,1,0,0
105,Engineering,Associate,Full-time,Hybrid,36,78,31,131741,15.8,17,0,47.3,0,42,0,1,0
106,Finance,Associate,Full-time,Remote,25,19,22,32355,10.7,13,1,73.5,0,48,2,1,1
107,HR,Manager,Full-time,Remote,48,31,16,126429,22.6,23,0,55.9,0,36,0,0,0
108,HR,Manager,Full-time,Remote,44,73,19,84733,16.3,15,1,63.1,0,8,0,0,1
109,Engineering,Associate,Full-time,Hybrid,50,100,14,96285,10.0,4,0,41.0,0,57,0,2,0
110,HR,Associate,Contract,Onsite,30,53,21,114971,2.1,7,0,63.0,1,47,0,0,0
111,HR,Associate,Full-time,Onsite,28,103,5,75733,7.3,15,0,88.5,0,42,0,2,1
112,Engineering,Associate,Full-time,Onsite,25,118,3,86915,13.6,20,0,72.6,0,25,0,0,0
113,HR,Senior Associate,Full-time,Onsite,26,90,22,82716,6.9,0,0,40.6,0,24,0,1,0
114,Operations,Associate,Full-time,Onsite,26,8,18,141151,5.5,27,0,68.2,0,16,1,0,0
115,Sales,Manager,Full-time,Hybrid,32,24,30,68526,13.2,28,0,57.5,0,5,0,0,0
116,Sales,Team Lead,Full-time,Remote,49,8,2,48088,4.2,10,0,68.7,0,14,1,0,0
117,Engineering,Senior Associate,Full-time,Onsite,37,83,27,95377,20.0,29,1,64.3,0,2,1,0,0
118,Finance,Associate,Full-time,Remote,51,111,2,74405,12.1,10,0,95.9,1,30,0,2,0
119,Engineering,Team Lead,Full-time,Hybrid,25,48,13,68842,14.3,1,0,42.5,0,27,0,0,1
120,Finance,Senior Associate,Full-time,Hybrid,23,30,17,91788,3.7,29,0,81.0,0,8,0,1,1
121,Sales,Team Lead,Full-time,Onsite,24,58,26,141682,8.1,21,1,91.1,0,43,0,0,0
122,Engineering,Associate,Full-time,Hybrid,42,86,9,81529,10.3,18,1,97.6,0,50,1,0,0
123,Marketing,Associate,Full-time,Remote,27,55,14,119939,20.2,23,0,50.7,0,17,1,0,0
124,Operations,Manager,Full-time,Onsite,39,73,18,142833,19.3,4,1,71.9,0,47,1,0,1
125,HR,Associate,Full-time,Onsite,26,62,8,133578,5.6,2,1,42.6,0,39,1,1,0
126,Finance,Associate,Full-time,Remote,30,108,3,82383,15.4,27,0,70.0,1,31,1,3,1
127,Marketing,Senior Associate,Full-time,Onsite,41,48,14,142311,6.1,25,1,47.5,0,18,1,0,0
128,HR,Manager,Contract,Onsite,49,4,7,69177,24.7,22,0,90.3,1,4,1,2,0
129,HR,Senior Associate,Contract,Remote,47,37,0,146903,23.8,29,0,46.8,1,43,1,0,0
130,Engineering,Team Lead,Full-time,Onsite,39,8,6,69056,14.1,7,0,70.8,0,5,1,0,0
131,HR,Associate,Full-time,Onsite,40,1,30,118249,17.5,3,0,71.3,0,11,0,0,0
132,Operations,Team Lead,Full-time,Remote,24,92,17,96421,20.0,28,0,98.3,0,57,0,0,0
133,Marketing,Senior Associate,Full-time,Hybrid,30,70,11,63632,18.0,12,0,79.3,0,46,0,1,0
134,HR,Associate,Full-time,Remote,57,47,29,69685,17.5,26,0,57.3,1,41,1,0,1
135,Engineering,Associate,Full-time,Onsite,52,100,32,107222,24.0,24,0,54.4,0,16,0,1,0
136,Operations,Senior Associate,Full-time,Remote,38,117,6,98590,14.9,21,0,47.7,1,38,0,1,0
137,Sales,Senior Associate,Full-time,Onsite,44,75,27,38977,15.9,13,0,85.4,1,58,1,1,0
138,Marketing,Senior Associate,Full-time,Onsite,55,5,2,120568,21.2,0,0,81.4,0,6,1,1,0
139,HR,Senior Associate,Full-time,Remote,26,50,5,78967,16.7,4,1,76.6,0,52,2,0,1
140,Engineering,Senior Associate,Full-time,Onsite,36,24,30,104072,18.3,20,0,42.5,0,56,0,0,0
141,Sales,Associate,Full-time,Hybrid,24,47,14,45070,5.9,6,0,85.8,1,10,2,0,0
142,Sales,Senior Associate,Full-time,Onsite,40,18,6,112473,9.3,22,0,78.5,1,33,0,0,0
143,Finance,Associate,Contract,Remote,49,84,29,51500,3.7,5,0,97.8,0,52,1,1,0
144,Operations,Associate,Full-time,Hybrid,24,28,26,135987,12.6,14,0,75.2,0,1,0,1,0
145,HR,Senior Associate,Full-time,Hybrid,25,77,16,145475,11.4,14,0,58.2,0,13,0,1,0
146,Engineering,Senior Associate,Full-time,Onsite,45,5,17,40011,24.9,7,1,62.9,1,17,0,1,0
147,Finance,Manager,Contract,Remote,52,30,21,78039,15.3,1,0,50.6,1,47,0,0,0
148,Operations,Associate,Full-time,Onsite,32,1,25,38896,19.7,13,0,83.4,0,59,1,0,0
149,Finance,Senior Associate,Full-time,Onsite,22,86,26,125335,8.4,28,0,82.5,0,42,2,1,1
150,Marketing,Senior Associate,Full-time,Remote,30,82,23,110118,20.8,15,1,52.0,0,8,1,1,0
151,Operations,Senior Associate,Full-time,Remote,38,46,7,149595,15.4,28,1,49.5,0,38,0,1,1
152,Operations,Manager,Full-time,Onsite,22,69,20,69958,17.4,22,0,44.6,1,3,0,0,0
153,HR,Manager,Full-time,Hybrid,24,31,28,71912,7.4,9,0,94.7,0,47,0,0,0
154,Operations,Team Lead,Full-time,Onsite,47,70,20,30814,13.7,14,1,54.0,0,13,0,1,0
155,Finance,Associate,Full-time,Hybrid,52,91,2,105276,15.9,22,0,60.6,0,10,0,1,0
156,Operations,Team Lead,Contract,Onsite,47,56,30,54719,14.7,3,0,56.8,0,29,0,3,1
157,HR,Senior Associate,Full-time,Remote,44,89,26,131081,22.9,11,0,64.8,0,39,0,0,1
158,HR,Manager,Full-time,Hybrid,51,93,26,50150,22.5,9,0,82.8,1,42,2,1,0
159,Marketing,Manager,Full-time,Remote,31,28,8,100494,24.3,1,1,92.2,1,26,0,1,0
160,Finance,Team Lead,Full-time,Remote,29,16,32,33825,16.7,3,1,51.0,0,28,0,0,1
161,Sales,Manager,Contract,Remote,46,54,32,80368,24.3,19,1,81.2,0,51,0,0,1
162,Sales,Senior Associate,Full-time,Remote,43,53,25,44800,20.8,27,0,61.2,0,31,2,0,0
163,Operations,Manager,Full-time,Remote,36,12,27,105535,6.8,27,0,98.8,0,48,0,1,0
164,Marketing,Team Lead,Full-time,Onsite,31,20,30,116390,10.7,5,0,57.9,0,59,0,0,0
165,Engineering,Senior Associate,Full-time,Hybrid,41,82,0,141268,6.0,13,1,40.4,0,29,0,1,0
166,Operations,Team Lead,Full-time,Onsite,44,34,19,122851,0.1,22,1,70.9,0,25,1,1,1
167,Marketing,Manager,Full-time,Onsite,22,119,11,135076,4.7,2,0,49.0,1,29,1,0,0
168,Finance,Team Lead,Full-time,Onsite,23,53,16,105017,0.1,14,0,42.7,0,50,0,1,1
169,Finance,Team Lead,Contract,Remote,40,64,14,78505,18.0,25,0,81.9,0,9,0,2,0
170,Finance,Associate,Full-time,Onsite,35,23,33,87899,10.6,0,1,83.9,0,11,0,2,0
171,Finance,Manager,Full-time,Hybrid,29,109,15,112782,7.8,18,0,67.6,1,32,1,0,1
172,Finance,Manager,Full-time,Onsite,33,27,3,52601,19.0,24,0,80.6,0,33,1,0,0
173,Marketing,Team Lead,Full-time,Remote,47,113,7,40677,20.8,0,0,72.3,0,17,1,0,0
174,Marketing,Associate,Full-time,Hybrid,48,17,33,59552,24.4,12,0,77.8,0,38,0,0,0
175,HR,Manager,Full-time,Hybrid,50,48,24,117858,16.1,7,1,75.8,0,15,0,0,0
176,Sales,Senior Associate,Full-time,Hybrid,36,21,14,97891,11.5,17,1,79.9,1,44,0,0,1
177,Finance,Team Lead,Full-time,Hybrid,22,50,27,104693,7.6,21,1,52.0,1,3,1,0,1
178,Engineering,Manager,Full-time,Onsite,49,40,8,130699,5.6,2,1,56.1,0,9,0,3,0
179,Marketing,Senior Associate,Contract,Remote,24,95,1,121450,5.3,22,0,66.4,1,27,0,0,0
180,Engineering,Manager,Full-time,Hybrid,39,3,16,63292,10.2,17,0,66.8,0,40,0,0,0
181,Engineering,Senior Associate,Full-time,Hybrid,55,17,9,96097,24.8,19,0,86.5,0,17,0,0,0
182,Engineering,Team Lead,Full-time,Remote,53,61,8,103703,0.0,25,1,62.0,1,8,0,1,0
183,HR,Manager,Full-time,Onsite,50,50,30,46184,4.9,8,0,49.8,0,21,1,0,0
184,Marketing,Manager,Full-time,Hybrid,46,90,1,120033,4.7,5,0,55.1,0,9,1,1,0
185,Engineering,Associate,Full-time,Onsite,47,87,23,119336,17.9,19,0,52.9,1,39,0,1,1
186,Finance,Team Lead,Full-time,Onsite,29,6,18,91046,8.8,1,0,83.9,0,22,0,0,1
187,Operations,Senior Associate,Full-time,Onsite,40,28,16,132968,11.4,25,1,68.2,0,42,1,0,1
188,Engineering,Manager,Full-time,Onsite,43,72,9,96741,3.7,29,1,82.5,1,12,0,2,0
189,HR,Manager,Full-time,Hybrid,50,55,27,91377,10.1,24,0,65.0,1,23,1,0,0
190,Marketing,Senior Associate,Full-time,Hybrid,54,58,27,42039,2.6,3,0,93.4,1,12,1,1,0
191,HR,Team Lead,Full-time,Onsite,56,45,0,75161,13.3,24,1,99.0,0,47,1,2,0
192,Engineering,Associate,Full-time,Onsite,24,72,2,65006,2.4,29,1,80.2,1,44,0,0,0
193,Marketing,Associate,Full-time,Remote,40,19,14,47544,19.8,17,0,91.8,1,24,0,1,0
194,Operations,Manager,Full-time,Remote,31,102,9,42987,14.2,6,0,70.5,0,43,0,1,0
195,Engineering,Senior Associate,Full-time,Remote,48,29,20,35239,18.1,26,0,96.1,1,46,2,0,0
196,HR,Manager,Full-time,Hybrid,36,23,14,74785,10.5,10,0,89.9,0,28,0,1,0
197,Sales,Senior Associate,Full-time,Remote,32,111,22,53358,9.5,4,1,99.5,0,15,0,0,0
198,Finance,Associate,Full-time,Hybrid,47,32,13,144759,2.5,7,0,77.4,0,39,1,0,0
199,HR,Team Lead,Full-time,Hybrid,45,10,14,112674,13.1,10,0,86.8,0,5,0,1,0
200,Marketing,Senior Associate,Full-time,Hybrid,34,91,9,86450,12.9,29,0,72.6,0,55,0,0,1
201,Engineering,Associate,Full-time,Hybrid,53,49,8,118520,11.7,23,0,55.5,0,7,0,1,0
202,Finance,Manager,Full-time,Remote,25,65,4,58428,18.5,29,0,61.3,0,33,0,0,0
203,Engineering,Senior Associate,Full-time,Onsite,34,103,24,39096,20.8,29,0,93.6,0,17,0,1,0
204,Marketing,Team Lead,Full-time,Onsite,30,29,25,77582,18.8,19,0,43.4,0,42,1,0,0
205,Engineering,Manager,Full-time,Onsite,55,59,7,54536,3.6,28,0,75.5,1,31,1,0,0
206,Sales,Manager,Contract,Remote,28,45,21,87395,15.6,19,0,62.3,1,48,0,0,0
207,Finance,Associate,Full-time,Onsite,22,67,24,141595,2.0,14,0,63.2,1,9,1,1,0
208,Finance,Senior Associate,Full-time,Remote,33,51,11,98157,17.4,23,0,93.1,0,33,0,0,0
209,Marketing,Manager,Full-time,Remote,42,111,8,131494,9.5,2,0,91.2,1,22,0,0,0
210,Sales,Team Lead,Full-time,Remote,32,101,9,99484,3.3,6,0,75.9,0,58,0,0,1
211,HR,Senior Associate,Full-time,Onsite,35,95,9,31287,21.6,23,0,56.4,0,18,0,1,0
212,Engineering,Team Lead,Full-time,Onsite,55,11,8,84510,15.4,7,1,68.5,1,19,0,0,1
213,Operations,Manager,Full-time,Onsite,55,86,25,53902,8.9,10,1,64.5,0,51,1,0,1
214,Engineering,Team Lead,Full-time,Hybrid,46,82,34,86188,0.8,9,0,61.2,1,51,0,0,1
215,Engineering,Associate,Full-time,Remote,25,99,26,142894,13.4,19,1,46.2,0,33,1,0,1
216,HR,Team Lead,Contract,Hybrid,47,6,30,51164,23.1,8,0,72.6,0,58,0,0,0
217,Engineering,Senior Associate,Full-time,Remote,37,67,18,111204,14.9,14,0,58.1,1,37,0,0,1
218,Sales,Team Lead,Contract,Onsite,31,62,5,31772,24.3,25,0,79.6,0,16,0,2,0
219,Sales,Team Lead,Full-time,Remote,23,5,14,83054,3.4,19,0,59.2,1,43,1,0,1
220,Finance,Associate,Full-time,Remote,56,9,28,84878,14.2,23,0,65.9,1,4,0,0,0
221,Marketing,Team Lead,Full-time,Hybrid,40,28,4,62238,20.0,21,0,43.1,0,1,1,0,0
222,Operations,Team Lead,Full-time,Remote,27,83,13,134504,13.1,4,1,99.6,0,40,0,2,1
223,Engineering,Manager,Full-time,Onsite,40,92,1,88293,2.3,14,0,70.5,0,33,0,0,0
224,Engineering,Manager,Contract,Remote,29,91,22,111298,14.6,3,0,41.5,0,53,0,1,1
225,HR,Senior Associate,Contract,Remote,35,77,18,131442,15.3,4,0,72.5,0,19,0,1,0
226,Marketing,Manager,Full-time,Remote,31,38,23,37213,18.2,28,0,92.2,0,45,0,0,1
227,Sales,Manager,Full-time,Hybrid,24,43,19,44941,19.0,14,1,86.4,1,53,0,0,0
228,Operations,Manager,Full-time,Remote,50,117,26,125881,19.3,26,1,82.1,1,46,2,0,1
229,Finance,Manager,Contract,Remote,36,21,23,130720,16.6,16,1,48.4,1,1,0,1,1
230,Sales,Associate,Full-time,Hybrid,44,91,16,45964,5.4,22,0,79.5,0,27,0,2,0
231,Marketing,Manager,Full-time,Hybrid,44,62,24,56855,10.1,7,0,86.0,0,17,2,0,1
232,Finance,Associate,Full-time,Hybrid,39,46,30,88769,19.4,27,0,74.3,1,43,0,0,1
233,HR,Associate,Full-time,Hybrid,40,70,27,113504,23.8,24,0,93.6,0,38,0,1,0
234,HR,Manager,Contract,Onsite,49,38,27,31046,2.0,28,0,56.6,1,47,0,0,1
235,Engineering,Team Lead,Full-time,Onsite,47,49,21,44909,13.4,18,1,54.5,1,50,0,0,1
236,Marketing,Associate,Full-time,Remote,31,75,4,109114,7.8,8,0,92.2,0,34,0,2,0
237,Operations,Team Lead,Full-time,Onsite,25,111,7,53368,5.6,9,0,77.5,1,14,1,1,1
238,Finance,Team Lead,Full-time,Remote,23,105,27,146853,12.6,4,1,40.1,0,46,0,0,0
239,Sales,Manager,Full-time,Onsite,24,117,11,124135,15.2,9,1,61.2,1,38,1,1,0
240,Marketing,Senior Associate,Full-time,Hybrid,28,81,24,101255,0.2,21,0,91.5,0,39,1,0,0
241,Marketing,Manager,Full-time,Hybrid,37,39,14,111496,19.5,0,0,41.6,0,38,0,1,0
242,HR,Senior Associate,Contract,Onsite,52,71,33,119142,20.5,24,0,40.2,1,2,0,1,0
243,Engineering,Senior Associate,Full-time,Onsite,31,30,12,145864,24.1,24,0,56.9,1,18,1,0,0
244,Engineering,Manager,Full-time,Remote,40,21,7,143902,4.5,21,0,94.8,0,22,0,0,0
245,Finance,Manager,Contract,Remote,49,1,12,45624,14.9,23,0,94.1,0,18,0,1,0
246,HR,Senior Associate,Full-time,Remote,38,89,35,134715,10.7,3,0,71.1,1,17,1,0,0
247,Marketing,Manager,Full-time,Hybrid,49,32,5,136378,8.4,20,0,73.2,1,29,4,0,0
248,Operations,Senior Associate,Full-time,Hybrid,40,8,31,40352,14.1,4,1,59.9,1,38,0,1,0
249,HR,Team Lead,Full-time,Hybrid,44,69,20,126421,19.6,22,1,54.6,1,18,0,0,0
250,Finance,Manager,Full-time,Hybrid,41,30,6,110539,0.6,6,0,88.9,1,4,0,0,0
251,Finance,Team Lead,Contract,Remote,34,115,25,39223,24.2,22,1,46.4,1,54,1,0,1
252,HR,Associate,Full-time,Hybrid,34,8,14,126969,20.2,4,0,69.2,0,12,1,0,0
253,Finance,Team Lead,Full-time,Hybrid,32,113,22,147976,18.8,19,0,78.1,0,33,0,0,0
254,HR,Team Lead,Full-time,Hybrid,36,19,14,108254,19.0,7,0,46.2,0,23,0,1,0
255,Sales,Senior Associate,Full-time,Hybrid,38,108,15,96851,9.7,16,0,71.2,1,17,0,0,0
256,HR,Team Lead,Full-time,Onsite,49,59,31,80044,18.8,0,0,74.7,1,3,0,0,0
257,HR,Manager,Full-time,Remote,40,55,17,117089,9.7,21,1,84.5,0,35,0,1,0
258,Finance,Senior Associate,Full-time,Remote,25,30,19,120218,22.5,17,0,54.1,0,7,0,2,0
259,Finance,Associate,Full-time,Hybrid,43,79,1,115000,4.4,11,1,57.6,0,42,0,0,0
260,Engineering,Manager,Contract,Onsite,43,36,22,137240,7.3,2,0,74.2,0,0,1,1,0
261,Engineering,Associate,Full-time,Remote,55,55,29,61419,13.8,19,0,99.0,0,59,0,2,1
262,Sales,Team Lead,Full-time,Remote,54,44,2,43767,8.0,13,0,53.0,0,40,1,1,1
263,Engineering,Manager,Full-time,Hybrid,54,27,0,102002,10.6,15,0,99.2,1,37,0,0,0
264,HR,Manager,Full-time,Hybrid,33,77,21,61028,12.3,17,0,82.9,0,35,2,1,1
265,Finance,Associate,Full-time,Remote,23,78,28,77953,21.4,9,0,89.6,0,37,0,0,0
266,Engineering,Manager,Full-time,Remote,49,101,13,87965,13.1,22,0,45.4,0,12,0,0,0
267,Engineering,Manager,Full-time,Onsite,31,54,27,133394,9.1,14,0,58.0,1,21,0,0,0
268,Sales,Manager,Full-time,Remote,43,48,20,99776,6.2,9,0,43.5,1,28,1,1,1
269,Marketing,Team Lead,Contract,Remote,38,30,31,61459,10.2,0,0,62.3,0,8,0,1,0
270,Sales,Associate,Contract,Hybrid,47,39,5,120932,12.9,18,0,98.9,1,26,2,0,1
271,HR,Manager,Contract,Remote,24,111,0,112331,18.7,1,1,46.3,0,45,0,0,0
272,Finance,Senior Associate,Full-time,Hybrid,28,13,20,54689,3.0,12,1,73.7,0,43,0,0,0
273,Sales,Senior Associate,Full-time,Remote,29,16,3,110446,5.5,24,0,40.4,0,3,1,0,0
274,Engineering,Senior Associate,Full-time,Remote,41,44,2,97982,9.5,15,0,82.8,0,39,0,1,0
275,Finance,Senior Associate,Full-time,Remote,33,71,29,33346,9.0,7,0,51.8,0,16,0,0,0
276,Finance,Team Lead,Full-time,Onsite,56,112,30,75179,9.8,2,1,47.8,1,53,1,0,0
277,Engineering,Manager,Full-time,Hybrid,38,119,33,144773,19.8,20,0,60.2,1,36,1,0,0
278,Sales,Associate,Full-time,Onsite,49,119,18,70517,8.1,18,0,86.3,0,2,0,0,0
279,Engineering,Manager,Full-time,Remote,31,27,19,99678,12.5,13,0,46.4,0,3,1,1,1
280,Marketing,Team Lead,Full-time,Onsite,43,45,22,111606,15.6,10,0,53.8,0,39,1,0,0
281,Finance,Senior Associate,Full-time,Hybrid,54,119,24,142491,5.8,28,1,40.5,0,15,0,1,0
282,Operations,Team Lead,Full-time,Remote,43,35,14,102623,18.0,11,1,98.1,0,10,1,0,1
283,Operations,Manager,Full-time,Onsite,34,79,22,119288,13.7,10,0,75.5,0,26,0,1,0
284,HR,Associate,Full-time,Onsite,48,28,1,111171,11.2,27,1,83.2,1,25,0,0,0
285,Engineering,Team Lead,Full-time,Hybrid,36,99,14,88916,20.2,10,0,79.1,1,58,0,1,0
286,Engineering,Associate,Full-time,Onsite,43,7,34,117754,6.1,21,1,48.7,0,30,1,2,1
287,HR,Team Lead,Full-time,Hybrid,51,62,9,127409,22.1,20,1,75.7,0,33,1,0,0
288,HR,Associate,Full-time,Remote,55,114,13,78575,14.0,26,0,47.9,0,7,2,0,1
289,HR,Associate,Full-time,Remote,55,110,26,138501,15.2,17,1,64.1,0,38,1,0,1
290,Finance,Senior Associate,Full-time,Onsite,56,114,13,75039,21.9,29,0,74.1,0,0,0,0,0
291,Marketing,Associate,Contract,Remote,40,51,34,79955,20.4,9,0,73.5,0,1,0,1,0
292,Engineering,Senior Associate,Full-time,Remote,29,46,32,110260,15.0,15,0,47.1,0,54,0,0,1
293,Finance,Manager,Full-time,Onsite,54,20,0,85871,18.8,7,0,42.1,1,26,0,1,1
294,HR,Manager,Full-time,Remote,49,96,33,90678,10.8,5,0,87.9,0,44,0,0,0
295,Engineering,Senior Associate,Contract,Onsite,46,38,18,61351,13.7,29,0,83.6,1,42,0,2,1
296,Finance,Senior Associate,Full-time,Hybrid,57,61,23,90693,1.6,18,1,44.9,0,2,0,0,1
297,Marketing,Team Lead,Full-time,Hybrid,38,104,3,61433,2.2,12,0,47.6,1,33,0,1,1
298,Finance,Team Lead,Full-time,Hybrid,45,32,35,104797,20.7,14,0,93.6,0,15,0,0,0
299,Marketing,Team Lead,Contract,Onsite,42,26,12,109015,1.5,12,0,86.1,0,0,1,0,0
300,HR,Manager,Full-time,Onsite,23,58,31,45804,4.2,0,0,99.8,0,6,1,4,0
301,Marketing,Team Lead,Full-time,Remote,52,39,8,122781,19.9,20,0,55.2,0,34,0,3,1
302,Engineering,Associate,Full-time,Remote,54,20,15,75101,0.0,27,0,69.3,0,21,0,1,1
303,HR,Associate,Full-time,Remote,51,82,2,90115,7.1,26,1,54.2,1,47,1,0,1
304,Engineering,Team Lead,Full-time,Remote,33,50,19,108363,14.6,1,0,77.4,1,31,1,0,1
305,Operations,Associate,Full-time,Remote,33,79,9,148870,14.9,12,0,46.9,0,25,0,0,0
306,Sales,Manager,Full-time,Onsite,45,52,21,137904,19.4,1,1,47.6,0,55,0,0,0
307,Marketing,Associate,Full-time,Onsite,45,86,2,74700,12.6,24,0,44.3,0,5,0,4,0
308,Sales,Manager,Full-time,Hybrid,32,115,10,144952,12.7,10,0,81.6,1,45,0,0,0
309,Sales,Senior Associate,Contract,Hybrid,34,22,24,107576,18.1,12,0,69.6,1,54,0,0,0
310,Marketing,Senior Associate,Full-time,Hybrid,48,53,7,49477,12.5,9,1,77.1,0,10,0,0,0
311,HR,Senior Associate,Full-time,Hybrid,29,85,8,46127,15.2,22,1,92.8,1,30,0,1,0
312,Operations,Senior Associate,Full-time,Onsite,31,66,14,116718,22.4,21,1,84.4,1,53,0,0,1
313,Engineering,Associate,Full-time,Onsite,29,104,31,56049,10.0,14,0,67.7,0,54,2,0,0
314,Finance,Team Lead,Full-time,Onsite,41,117,2,120063,9.6,28,0,99.1,0,20,0,0,0
315,Engineering,Associate,Full-time,Remote,29,43,3,42473,0.1,0,1,67.4,1,56,0,0,1
316,Finance,Manager,Full-time,Remote,30,82,29,112245,15.3,13,0,46.7,1,50,1,1,1
317,Engineering,Associate,Full-time,Hybrid,28,23,12,129510,0.7,9,0,99.6,0,21,0,0,0
318,Marketing,Associate,Full-time,Remote,35,77,20,91836,12.6,17,1,41.4,1,56,0,0,1
319,Operations,Manager,Full-time,Onsite,49,64,18,72464,20.1,10,0,73.0,0,0,0,1,0
320,Finance,Senior Associate,Full-time,Hybrid,23,105,21,43714,13.7,6,0,58.5,0,20,1,0,1
321,HR,Senior Associate,Contract,Hybrid,29,9,19,90878,6.7,14,1,70.2,0,44,1,0,0
322,Engineering,Senior Associate,Full-time,Remote,34,113,30,64208,19.7,2,0,73.5,1,19,0,2,0
323,Engineering,Team Lead,Contract,Hybrid,42,7,9,127481,6.7,1,0,54.4,0,8,0,1,1
324,Finance,Manager,Full-time,Remote,49,41,17,117104,18.3,21,1,73.4,0,26,0,0,0
325,HR,Manager,Contract,Remote,56,54,19,104683,15.3,7,1,85.4,0,28,0,0,0
326,HR,Associate,Full-time,Hybrid,44,65,17,111803,4.2,7,0,56.0,0,42,0,0,1
327,Marketing,Team Lead,Full-time,Remote,36,2,10,71514,22.6,10,0,63.0,1,32,0,2,1
328,Marketing,Senior Associate,Full-time,Remote,23,4,21,126988,5.0,15,1,56.1,0,44,1,0,1
329,Marketing,Team Lead,Full-time,Remote,33,78,17,35136,24.7,1,0,89.2,1,51,0,0,0
330,Marketing,Manager,Full-time,Remote,57,32,33,128115,0.2,21,0,83.5,1,0,1,1,1
331,Marketing,Manager,Full-time,Hybrid,24,100,22,61516,6.6,27,0,92.3,0,2,1,2,1
332,Marketing,Associate,Full-time,Onsite,26,2,0,106982,5.0,4,1,50.2,1,31,0,1,1
333,Operations,Associate,Full-time,Onsite,24,104,9,93878,0.3,6,1,44.4,0,19,0,1,0
334,HR,Manager,Full-time,Remote,40,114,0,75099,18.3,19,0,47.2,0,16,1,1,0
335,Marketing,Senior Associate,Full-time,Remote,23,115,8,120060,17.3,27,1,49.7,0,36,0,0,1
336,HR,Senior Associate,Full-time,Remote,38,64,30,43188,19.8,12,1,72.0,1,37,0,1,1
337,HR,Team Lead,Full-time,Onsite,35,14,6,134123,6.4,1,0,98.3,0,48,0,1,0
338,Sales,Manager,Full-time,Remote,49,20,16,136373,11.1,25,0,61.4,0,9,1,0,0
339,Operations,Manager,Full-time,Hybrid,48,89,34,141073,16.5,2,0,97.5,1,42,3,2,1
340,Marketing,Senior Associate,Full-time,Hybrid,31,106,17,81188,11.0,8,1,42.3,1,44,0,2,1
341,Engineering,Senior Associate,Full-time,Hybrid,24,49,32,35560,17.4,9,0,95.6,0,28,0,0,0
342,Finance,Manager,Full-time,Onsite,57,8,3,141157,15.8,23,0,50.9,0,41,0,1,0
343,Engineering,Associate,Full-time,Remote,46,92,22,138763,2.9,12,0,94.7,0,45,0,1,1
344,Operations,Manager,Full-time,Remote,43,63,10,66397,19.5,24,0,43.4,0,59,0,2,0
345,Finance,Manager,Full-time,Remote,51,46,8,107193,18.0,20,1,96.9,0,31,1,1,0
346,Operations,Senior Associate,Full-time,Onsite,42,21,29,68082,16.4,12,0,52.0,0,12,1,0,1
347,HR,Senior Associate,Full-time,Onsite,51,87,7,114376,3.9,4,1,58.2,0,30,0,0,0
348,Finance,Associate,Full-time,Onsite,49,32,4,71430,6.7,22,0,69.5,1,59,0,0,0
349,HR,Associate,Full-time,Onsite,52,8,11,80522,9.8,6,0,62.8,0,3,2,1,0
350,Engineering,Team Lead,Full-time,Hybrid,47,95,0,70397,7.0,16,1,80.1,0,51,0,1,0
351,Engineering,Manager,Full-time,Onsite,43,101,14,106860,5.7,27,0,98.5,0,48,1,1,0
352,Finance,Senior Associate,Full-time,Onsite,42,16,24,55247,20.1,14,0,76.4,0,17,0,0,0
353,Finance,Associate,Full-time,Onsite,22,40,17,113094,16.0,29,1,83.3,0,10,0,1,0
354,Marketing,Team Lead,Full-time,Remote,34,106,25,144798,14.1,4,0,45.3,0,41,0,1,0
355,Operations,Team Lead,Full-time,Remote,42,27,2,49943,5.6,23,0,77.7,0,52,0,0,0
356,Marketing,Senior Associate,Contract,Remote,30,104,21,69460,23.0,6,0,67.2,0,17,0,2,1
357,Operations,Senior Associate,Full-time,Hybrid,38,105,25,71986,4.8,26,0,93.1,0,50,0,1,0
358,Marketing,Team Lead,Contract,Hybrid,42,18,18,74514,19.9,1,1,63.3,0,40,0,1,0
359,HR,Associate,Full-time,Onsite,52,35,35,110908,24.2,29,1,80.8,0,36,0,1,0
360,Finance,Team Lead,Full-time,Remote,43,113,20,82385,18.2,23,0,53.7,0,32,0,0,0
361,Engineering,Manager,Full-time,Hybrid,33,52,25,42631,24.8,17,1,55.6,0,36,0,1,1
362,Operations,Manager,Full-time,Remote,27,15,12,97008,16.3,9,1,62.6,1,2,0,0,0
363,Operations,Senior Associate,Full-time,Hybrid,37,63,35,56955,5.4,0,0,58.2,1,0,0,0,0
364,Engineering,Associate,Full-time,Hybrid,47,53,23,77367,5.1,26,0,55.2,0,18,0,0,1
365,Marketing,Associate,Full-time,Onsite,26,91,25,60802,8.1,26,0,43.0,1,58,0,0,1
366,Operations,Manager,Contract,Onsite,30,81,20,100408,0.2,13,1,90.2,1,5,0,0,0
367,HR,Team Lead,Full-time,Hybrid,35,104,17,123083,17.0,26,1,43.9,1,9,0,1,1
368,Finance,Senior Associate,Full-time,Onsite,51,66,14,73341,6.7,18,0,93.2,0,36,0,2,0
369,Engineering,Team Lead,Full-time,Hybrid,47,113,14,43691,20.4,15,1,47.5,1,11,0,0,0
370,Finance,Team Lead,Full-time,Hybrid,50,114,5,139786,9.0,18,0,43.9,1,43,0,0,1
371,Operations,Team Lead,Full-time,Remote,40,31,30,34753,12.0,5,0,73.8,0,16,1,1,0
372,Operations,Associate,Full-time,Onsite,29,61,27,31833,24.1,11,1,70.1,0,26,1,0,1
373,Engineering,Manager,Contract,Onsite,44,64,7,134232,6.1,2,0,69.5,1,1,1,0,1
374,HR,Associate,Full-time,Onsite,56,101,28,38645,18.0,6,0,74.5,0,52,0,1,0
375,Sales,Manager,Full-time,Remote,52,105,20,135120,18.9,23,0,57.2,0,24,1,1,1
376,Engineering,Senior Associate,Full-time,Remote,56,105,16,145428,5.5,2,0,79.8,1,58,0,1,0
377,Sales,Senior Associate,Full-time,Remote,53,98,23,125977,12.5,24,0,70.1,0,45,0,2,0
378,Marketing,Team Lead,Full-time,Onsite,26,34,35,70024,8.8,16,0,60.1,0,43,1,1,1
379,Sales,Manager,Full-time,Onsite,37,115,30,147068,19.3,14,1,89.6,0,27,0,0,0
380,HR,Manager,Full-time,Onsite,38,55,33,138853,15.6,18,1,83.7,0,44,1,1,1
381,Marketing,Manager,Full-time,Remote,53,59,1,110598,11.9,27,0,63.6,1,36,1,3,1
382,Sales,Team Lead,Full-time,Remote,53,3,2,39635,19.5,18,0,90.9,0,36,0,0,0
383,Marketing,Team Lead,Full-time,Hybrid,41,17,29,50064,5.9,22,1,95.2,1,16,0,0,1
384,Sales,Senior Associate,Full-time,Remote,23,78,7,39940,18.8,10,0,72.2,0,4,2,1,0
385,HR,Associate,Full-time,Hybrid,41,78,6,65169,21.6,26,0,52.9,0,55,1,1,0
386,Sales,Manager,Full-time,Onsite,39,46,11,108647,22.0,20,0,94.9,0,56,1,1,1
387,Sales,Manager,Full-time,Remote,22,38,18,139667,19.6,19,0,51.4,0,57,1,0,1
388,Sales,Associate,Full-time,Onsite,50,35,25,75200,10.2,1,0,42.9,1,18,0,2,0
389,Engineering,Manager,Full-time,Onsite,50,1,27,86329,24.5,6,0,59.6,0,3,0,0,0
390,Engineering,Team Lead,Full-time,Onsite,40,112,14,81158,9.5,18,0,83.6,1,38,0,1,0
391,Engineering,Team Lead,Full-time,Onsite,27,29,13,59739,16.0,6,1,95.4,0,54,1,1,1
392,HR,Manager,Full-time,Remote,29,4,13,138282,4.0,9,1,78.2,0,48,0,0,0
393,Marketing,Team Lead,Full-time,Onsite,45,61,2,47793,24.5,11,0,97.1,0,42,3,0,1
394,Operations,Team Lead,Full-time,Hybrid,41,97,28,113682,17.6,22,1,45.5,1,37,1,0,0
395,Sales,Manager,Full-time,Remote,35,17,5,63677,18.8,26,0,43.6,0,44,0,0,1
396,Sales,Senior Associate,Full-time,Onsite,26,28,22,96296,1.6,17,0,76.3,1,43,2,1,1
397,HR,Associate,Contract,Remote,55,50,27,53022,19.1,22,1,98.0,1,29,1,0,1
398,Sales,Team Lead,Full-time,Hybrid,37,90,13,101148,19.4,5,0,70.2,0,31,0,0,0
399,Engineering,Senior Associate,Full-time,Onsite,28,8,13,131544,16.8,25,0,43.1,0,56,1,1,0
400,Operations,Team Lead,Full-time,Hybrid,37,34,19,57265,7.3,19,0,53.3,0,36,0,1,0
401,Finance,Team Lead,Full-time,Onsite,28,59,12,30530,12.2,26,1,54.7,1,55,0,1,1
402,Sales,Associate,Contract,Hybrid,48,18,26,39551,2.8,20,0,60.3,0,26,0,0,0
403,Engineering,Team Lead,Full-time,Onsite,35,95,34,58394,11.8,27,1,42.6,0,31,1,0,0
404,Finance,Associate,Contract,Remote,35,59,1,72987,6.1,7,1,94.3,0,41,0,1,0
405,Operations,Associate,Contract,Onsite,54,27,23,78984,8.7,4,1,70.9,1,10,0,0,1
406,Finance,Associate,Contract,Remote,54,16,28,98096,4.1,2,0,80.3,1,40,0,0,0
407,Engineering,Senior Associate,Full-time,Onsite,41,10,2,114097,5.8,1,0,44.0,1,57,1,0,1
408,Marketing,Manager,Full-time,Onsite,57,104,3,100639,1.9,21,0,43.2,1,57,0,0,1
409,Marketing,Senior Associate,Full-time,Hybrid,28,76,1,54090,23.0,5,0,75.2,0,12,0,1,0
410,Finance,Manager,Full-time,Hybrid,53,22,19,113457,13.3,6,1,93.2,0,34,1,1,0
411,HR,Manager,Full-time,Hybrid,24,16,14,137769,9.9,7,0,71.7,1,16,1,2,0
412,Finance,Associate,Full-time,Onsite,50,12,31,32781,13.4,3,1,92.7,1,29,0,1,1
413,Sales,Team Lead,Full-time,Onsite,45,75,0,47330,15.7,11,0,88.7,0,17,1,0,0
414,Sales,Associate,Full-time,Onsite,43,84,34,35257,23.0,23,1,44.6,0,36,0,0,0
415,Marketing,Team Lead,Full-time,Remote,27,51,6,88642,4.5,11,0,52.1,1,47,0,0,0
416,HR,Manager,Full-time,Remote,45,1,12,84249,7.4,16,0,79.5,0,29,0,1,0
417,Engineering,Associate,Full-time,Onsite,44,27,0,81663,24.4,21,1,66.6,0,25,0,0,0
418,Sales,Team Lead,Full-time,Hybrid,31,67,13,64956,9.3,21,0,57.4,1,54,0,0,0
419,Marketing,Senior Associate,Full-time,Hybrid,37,12,28,134367,0.6,18,0,65.1,1,15,0,1,1
420,Operations,Team Lead,Full-time,Hybrid,32,30,2,45615,3.7,8,0,66.7,0,10,0,1,1
421,Marketing,Associate,Full-time,Onsite,53,9,23,30881,0.7,11,0,94.6,0,53,1,1,0
422,Sales,Senior Associate,Contract,Hybrid,27,53,0,31847,24.7,27,1,46.2,0,3,0,0,0
423,Sales,Team Lead,Full-time,Onsite,45,61,9,134903,7.0,20,1,56.8,1,40,0,4,1
424,Marketing,Team Lead,Full-time,Remote,54,54,12,81127,23.1,16,0,72.3,1,14,0,0,0
425,Engineering,Team Lead,Full-time,Hybrid,33,37,35,117646,24.9,22,0,81.9,1,11,0,0,0
426,Finance,Team Lead,Full-time,Remote,48,65,8,67336,15.0,9,0,77.8,0,26,2,0,0
427,Sales,Team Lead,Full-time,Hybrid,39,42,13,111850,0.8,29,1,96.5,0,47,0,0,0
428,Marketing,Senior Associate,Full-time,Onsite,34,49,35,125654,2.0,18,1,87.7,1,3,0,1,0
429,Marketing,Manager,Full-time,Onsite,51,4,9,69931,12.0,25,1,73.4,0,34,1,0,0
430,HR,Senior Associate,Full-time,Onsite,34,64,22,73924,10.2,25,0,52.9,0,58,0,2,1
431,Finance,Senior Associate,Full-time,Onsite,55,79,34,52966,15.2,10,0,67.1,0,20,0,1,0
432,Operations,Senior Associate,Full-time,Hybrid,57,51,6,74023,11.0,19,0,81.6,0,35,0,1,0
433,Engineering,Manager,Contract,Remote,51,91,34,41320,23.4,21,0,90.3,1,1,0,1,0
434,Operations,Associate,Contract,Onsite,46,72,1,87841,13.4,23,1,97.6,0,50,1,1,0
435,Finance,Manager,Full-time,Hybrid,23,60,14,95125,17.3,12,0,76.3,1,38,0,1,0
436,Finance,Senior Associate,Full-time,Remote,57,87,8,97752,22.4,3,1,71.6,0,27,0,2,0
437,Finance,Team Lead,Full-time,Onsite,39,79,16,121100,3.7,14,0,41.1,1,33,0,0,0
438,Operations,Team Lead,Full-time,Remote,26,91,17,134005,5.7,11,1,44.3,1,32,0,0,0
439,Finance,Senior Associate,Full-time,Onsite,40,31,14,119937,2.7,24,0,49.4,0,49,1,0,0
440,Marketing,Team Lead,Contract,Remote,39,103,17,147296,3.5,23,0,43.3,0,59,0,0,0
441,Operations,Senior Associate,Full-time,Remote,53,111,23,91858,12.8,25,0,64.1,0,7,1,1,0
442,Finance,Team Lead,Full-time,Onsite,42,72,22,88714,8.0,9,1,60.2,0,7,0,1,0
443,Marketing,Manager,Full-time,Hybrid,31,94,11,41780,10.6,21,0,78.2,1,59,0,1,0
444,HR,Associate,Contract,Remote,43,58,22,106230,24.6,6,1,72.1,0,41,1,2,1
445,Finance,Associate,Full-time,Onsite,34,119,20,100345,3.9,23,0,75.8,0,49,1,0,0
446,Operations,Manager,Full-time,Remote,38,106,25,112098,13.5,1,0,68.3,0,21,0,0,0
447,Sales,Manager,Full-time,Remote,30,82,7,142696,2.5,20,1,56.7,0,26,1,2,1
448,Finance,Senior Associate,Full-time,Hybrid,45,4,29,127977,8.0,28,0,97.2,1,27,1,0,1
449,Sales,Senior Associate,Full-time,Remote,35,111,33,136075,13.2,6,0,45.2,0,10,0,0,0
450,Marketing,Senior Associate,Contract,Remote,29,107,1,31929,23.7,7,0,96.3,0,26,1,0,0
451,HR,Team Lead,Full-time,Onsite,40,22,4,125153,9.8,20,1,58.7,1,54,0,0,0
452,Engineering,Senior Associate,Full-time,Onsite,49,3,30,142610,1.6,18,0,70.8,0,0,0,0,0
453,HR,Manager,Full-time,Hybrid,51,79,32,147236,9.7,5,0,46.5,1,38,0,0,1
454,Finance,Associate,Full-time,Remote,28,99,3,149522,3.6,20,0,44.3,0,27,0,1,0
455,Sales,Team Lead,Full-time,Remote,47,47,5,44244,5.7,7,0,65.8,0,26,4,0,0
456,Sales,Senior Associate,Full-time,Remote,32,38,22,128415,15.5,24,0,84.5,0,7,0,1,0
457,Operations,Team Lead,Full-time,Hybrid,35,33,18,139715,1.7,24,0,56.2,0,56,0,1,1
458,Sales,Team Lead,Full-time,Remote,42,78,7,145402,11.6,27,1,73.7,1,45,1,2,1
459,Operations,Senior Associate,Full-time,Onsite,29,48,12,41116,15.2,27,0,56.7,0,23,0,0,1
460,Marketing,Team Lead,Full-time,Hybrid,24,65,0,117954,10.5,21,1,63.3,0,50,0,2,0
461,Engineering,Associate,Contract,Onsite,49,117,5,111243,0.5,19,1,94.4,0,39,0,0,0
462,Finance,Manager,Full-time,Onsite,50,113,6,113301,24.6,3,1,91.4,0,50,0,1,0
463,Operations,Manager,Full-time,Hybrid,44,26,26,65895,9.2,24,0,71.0,1,53,0,1,1
464,Engineering,Associate,Full-time,Onsite,39,8,14,108636,19.5,19,0,54.3,0,35,1,1,1
465,Sales,Team Lead,Full-time,Remote,56,50,33,53867,8.1,23,1,51.6,1,54,1,0,0
466,Sales,Senior Associate,Full-time,Hybrid,34,80,22,139507,11.9,8,0,97.2,1,23,1,1,0
467,Engineering,Team Lead,Full-time,Onsite,33,38,23,31208,9.7,4,0,52.2,0,41,1,0,1
468,Sales,Associate,Full-time,Remote,26,10,14,74085,8.6,28,1,88.5,1,21,0,1,0
469,Marketing,Team Lead,Full-time,Remote,32,42,34,95572,0.5,5,0,62.1,0,9,1,0,1
470,Marketing,Manager,Full-time,Onsite,32,37,3,95234,9.0,18,0,99.1,0,3,0,0,0
471,Engineering,Team Lead,Full-time,Remote,52,26,16,113748,22.2,11,0,62.1,0,7,0,1,0
472,Operations,Associate,Contract,Hybrid,52,92,30,41252,17.3,4,1,61.1,0,38,0,1,1
473,Operations,Manager,Full-time,Onsite,34,12,9,115261,3.6,4,0,78.2,1,57,0,0,0
474,Engineering,Team Lead,Full-time,Remote,35,84,26,37006,14.8,29,1,97.7,0,14,1,0,0
475,Operations,Team Lead,Contract,Remote,46,49,5,143371,22.3,17,0,98.6,0,7,0,3,0
476,Operations,Manager,Contract,Onsite,54,14,5,119595,17.5,25,0,82.4,0,28,1,0,0
477,Marketing,Senior Associate,Full-time,Onsite,54,46,14,100883,3.7,5,0,85.3,1,41,0,0,1
478,Operations,Manager,Full-time,Onsite,36,35,3,62171,21.7,8,0,73.8,0,38,0,1,0
479,HR,Senior Associate,Full-time,Onsite,37,29,6,58517,7.5,10,0,85.3,1,50,0,0,0
480,Finance,Associate,Full-time,Hybrid,27,12,25,54274,11.4,22,0,91.6,0,34,0,1,0
481,Sales,Associate,Full-time,Onsite,46,116,30,63577,13.2,13,1,69.2,1,40,0,1,1
482,HR,Manager,Full-time,Hybrid,36,82,1,57648,21.3,23,0,77.2,1,47,2,1,1
483,Operations,Manager,Full-time,Hybrid,25,44,27,99654,23.3,1,0,72.2,1,13,0,1,1
484,Marketing,Associate,Full-time,Onsite,25,66,12,47910,23.2,26,0,73.7,0,31,0,1,0
485,Engineering,Senior Associate,Full-time,Hybrid,51,2,17,108619,0.2,28,1,93.4,0,6,2,1,1
486,Operations,Associate,Full-time,Onsite,55,59,29,79647,23.0,13,0,61.3,1,43,0,2,0
487,Marketing,Manager,Full-time,Onsite,48,17,10,108723,1.4,24,0,52.5,0,32,0,0,0
488,Finance,Associate,Full-time,Remote,52,10,12,30424,6.6,18,1,67.4,0,47,0,0,0
489,Operations,Manager,Full-time,Onsite,53,18,23,81899,12.9,9,0,52.5,0,34,0,1,0
490,Engineering,Manager,Contract,Remote,30,22,28,56641,12.0,4,0,69.9,0,26,0,0,1
491,Marketing,Associate,Full-time,Hybrid,29,83,4,64750,15.1,29,0,94.2,0,0,0,1,0
492,Marketing,Senior Associate,Full-time,Remote,35,58,34,146156,12.0,22,1,77.0,0,5,0,0,1
493,Marketing,Team Lead,Full-time,Hybrid,54,53,18,111454,23.4,3,0,91.3,0,1,0,0,0
494,Finance,Associate,Full-time,Onsite,44,1,12,53154,6.0,6,0,50.0,0,6,1,0,1
495,Operations,Team Lead,Contract,Hybrid,42,88,4,78166,6.9,23,1,94.1,0,7,0,0,0
496,Finance,Associate,Full-time,Hybrid,33,61,13,41992,23.0,12,0,76.1,0,44,1,0,0
497,Sales,Team Lead,Full-time,Onsite,23,100,21,64001,1.9,9,1,41.9,1,28,0,1,1
498,Sales,Senior Associate,Full-time,Hybrid,34,89,8,138293,15.2,29,0,78.0,0,15,0,0,0
499,Operations,Senior Associate,Full-time,Onsite,25,100,25,44546,17.0,9,0,97.1,0,28,0,0,0
500,Finance,Associate,Full-time,Remote,41,31,4,71524,12.6,3,0,44.8,0,30,0,1,0
501,Engineering,Manager,Full-time,Onsite,35,31,28,98555,17.4,15,0,74.9,0,21,1,1,0
502,Marketing,Team Lead,Full-time,Onsite,51,66,21,31304,4.3,14,0,94.9,0,52,0,0,0
503,Marketing,Manager,Full-time,Hybrid,50,19,2,142448,21.3,20,0,40.6,0,9,1,1,0
504,Operations,Manager,Full-time,Remote,29,53,27,79284,3.5,10,0,77.9,1,3,0,2,0
505,Sales,Manager,Contract,Onsite,33,76,13,112368,10.0,18,1,68.5,0,24,0,1,1
506,Sales,Senior Associate,Full-time,Remote,47,74,13,118327,1.9,20,0,60.8,1,55,0,1,1
507,Marketing,Associate,Full-time,Remote,23,95,10,40022,13.6,23,1,77.7,1,52,0,0,0
508,Operations,Associate,Full-time,Hybrid,35,109,8,105886,16.7,2,1,43.2,0,12,1,2,1
509,Finance,Senior Associate,Contract,Onsite,27,22,5,107354,23.5,14,1,85.2,0,16,0,0,0
510,Sales,Senior Associate,Full-time,Hybrid,52,23,0,63617,18.5,15,1,40.3,0,39,1,0,0
511,Finance,Associate,Full-time,Onsite,38,116,24,99498,13.5,13,0,58.4,1,7,0,1,0
512,Sales,Manager,Full-time,Remote,46,87,15,88824,23.3,28,1,70.2,1,22,1,0,1
513,Sales,Team Lead,Full-time,Onsite,53,15,14,100390,12.0,4,1,62.6,1,6,0,1,0
514,HR,Team Lead,Full-time,Onsite,33,26,33,64307,14.0,25,1,58.4,0,31,1,0,1
515,Sales,Team Lead,Full-time,Remote,34,3,16,146587,14.9,16,0,89.9,1,23,2,0,1
516,Engineering,Manager,Full-time,Remote,40,87,2,98480,10.2,17,1,96.1,1,0,0,0,0
517,Operations,Associate,Full-time,Onsite,46,20,2,149645,21.0,18,1,92.4,0,46,0,0,0
518,Operations,Senior Associate,Full-time,Hybrid,52,109,16,52327,4.6,0,1,71.3,0,46,1,0,0
519,Finance,Associate,Full-time,Onsite,46,40,0,33244,13.9,28,0,93.0,0,59,0,0,0
520,Sales,Manager,Full-time,Remote,37,39,6,52720,18.1,26,0,95.3,0,50,1,1,0
521,Engineering,Senior Associate,Full-time,Hybrid,44,72,25,55090,22.6,27,1,64.6,1,35,1,1,1
522,Finance,Manager,Full-time,Remote,35,18,18,94277,22.1,26,0,57.0,0,26,0,0,0
523,HR,Team Lead,Full-time,Remote,27,41,29,141559,12.7,24,0,45.9,0,5,0,1,1
524,Finance,Team Lead,Full-time,Hybrid,46,70,13,129895,16.1,8,1,68.7,0,41,2,0,1
525,Finance,Manager,Full-time,Remote,44,27,12,78536,9.9,20,0,96.8,0,30,0,2,0
526,Sales,Senior Associate,Full-time,Remote,33,100,19,37855,11.7,13,0,73.7,0,11,1,1,0
527,HR,Senior Associate,Full-time,Remote,34,15,25,148430,22.7,19,0,80.1,1,25,0,2,0
528,Finance,Associate,Full-time,Remote,57,37,26,146815,23.3,20,0,46.8,0,24,0,1,1
529,Engineering,Team Lead,Full-time,Remote,55,58,24,31601,22.4,19,0,48.6,0,3,1,1,1
530,Engineering,Associate,Full-time,Remote,27,5,8,61952,3.5,27,0,67.9,0,5,1,0,0
531,Operations,Associate,Full-time,Remote,29,103,11,141113,21.3,20,0,97.1,0,56,0,0,0
532,HR,Manager,Full-time,Remote,29,73,9,80374,23.7,22,0,61.6,0,45,2,0,1
533,HR,Manager,Full-time,Remote,54,7,5,35690,9.0,10,1,92.6,0,12,3,0,0
534,Operations,Associate,Full-time,Onsite,55,41,33,42521,13.0,23,0,47.2,0,24,0,0,0
535,Finance,Team Lead,Full-time,Onsite,36,84,18,130146,19.5,1,0,77.0,0,30,0,2,0
536,HR,Manager,Contract,Remote,57,10,5,106019,14.1,19,0,76.0,0,21,0,1,0
537,Engineering,Associate,Contract,Onsite,56,62,1,38058,24.8,23,1,91.6,0,52,0,1,0
538,Engineering,Associate,Full-time,Hybrid,43,26,14,43704,11.4,22,1,40.2,1,34,0,2,1
539,Sales,Associate,Full-time,Onsite,44,68,16,88933,17.8,24,0,51.4,0,20,0,0,0
540,HR,Associate,Full-time,Remote,43,102,15,101101,19.8,4,0,53.2,1,14,1,2,0
541,Finance,Associate,Full-time,Remote,26,24,27,73856,12.4,21,0,97.0,0,2,0,0,0
542,Operations,Associate,Full-time,Onsite,52,78,20,67256,21.4,26,1,49.2,0,36,0,2,0
543,Operations,Manager,Full-time,Remote,34,41,7,87352,13.7,23,0,42.2,1,44,0,1,0
544,Finance,Team Lead,Full-time,Hybrid,49,65,9,60615,10.3,14,0,72.1,0,25,1,2,0
545,Marketing,Associate,Full-time,Hybrid,41,17,9,137210,2.7,11,1,71.7,0,57,0,0,1
546,Sales,Senior Associate,Full-time,Remote,54,109,9,31927,9.8,13,1,90.6,0,46,0,1,0
547,Operations,Manager,Full-time,Hybrid,37,24,8,45512,18.3,10,0,96.9,1,16,0,2,1
548,HR,Manager,Full-time,Hybrid,50,27,27,38301,23.0,20,1,72.3,0,37,0,2,1
549,Sales,Associate,Full-time,Onsite,44,7,23,116849,6.3,29,0,95.8,0,54,0,2,1
550,HR,Manager,Full-time,Hybrid,45,73,18,103993,8.9,8,1,83.5,0,49,0,1,0
551,Engineering,Associate,Full-time,Onsite,55,107,32,101028,3.8,19,0,55.9,1,34,0,0,1
552,Sales,Team Lead,Full-time,Remote,28,99,3,98759,17.3,7,0,95.7,0,57,1,0,1
553,Operations,Team Lead,Contract,Onsite,25,12,2,118047,24.0,11,0,80.0,0,40,0,1,0
554,Sales,Manager,Full-time,Remote,55,85,11,116991,16.0,29,0,64.8,0,7,0,0,0
555,Sales,Manager,Contract,Remote,43,3,17,93058,15.4,2,0,80.8,1,51,0,0,1
556,Sales,Senior Associate,Contract,Remote,26,79,22,129258,13.8,20,0,64.1,0,10,0,0,0
557,Marketing,Manager,Full-time,Remote,44,85,19,94926,2.2,14,0,46.9,0,59,0,1,1
558,Sales,Senior Associate,Full-time,Remote,36,10,5,53434,18.2,7,0,83.1,1,23,1,0,0
559,HR,Team Lead,Full-time,Onsite,52,33,33,60341,15.1,25,1,89.4,0,42,0,0,0
560,Engineering,Team Lead,Contract,Remote,30,46,1,137845,16.5,27,0,83.7,0,7,0,0,0
561,Finance,Associate,Full-time,Hybrid,46,59,29,45007,22.5,6,0,53.7,1,53,1,0,0
562,Sales,Team Lead,Full-time,Hybrid,46,52,8,129878,19.6,16,0,97.4,1,29,0,2,0
563,Operations,Senior Associate,Full-time,Remote,42,6,26,56799,19.5,11,0,41.5,0,0,1,0,0
564,Sales,Manager,Full-time,Hybrid,30,2,33,85820,23.2,19,0,60.0,0,33,0,1,0
565,Operations,Associate,Full-time,Onsite,43,29,23,45674,24.7,17,0,55.6,0,19,0,1,0
566,HR,Senior Associate,Full-time,Onsite,44,119,16,45426,14.5,17,0,42.9,1,35,0,2,0
567,Operations,Manager,Full-time,Remote,25,40,28,102631,2.7,28,0,64.3,1,33,0,0,0
568,Finance,Associate,Contract,Remote,50,97,35,74791,11.5,14,1,77.4,0,56,1,3,1
569,Engineering,Team Lead,Full-time,Remote,36,61,11,119640,19.7,22,0,93.0,1,33,0,1,0
570,Operations,Senior Associate,Contract,Hybrid,22,68,30,33255,0.7,27,0,99.4,1,12,0,0,0
571,Operations,Manager,Full-time,Hybrid,51,68,8,63826,1.4,27,0,88.5,0,53,0,0,0
572,Engineering,Associate,Full-time,Onsite,50,29,18,130261,1.7,2,1,68.1,0,52,0,0,0
573,Finance,Associate,Full-time,Hybrid,41,101,16,118568,18.3,18,0,83.4,0,51,0,2,0
574,Sales,Team Lead,Full-time,Onsite,54,62,1,34944,12.5,14,1,90.6,0,5,0,1,0
575,Operations,Manager,Full-time,Hybrid,57,60,4,67826,9.2,15,0,67.9,1,35,0,1,0
576,Engineering,Team Lead,Full-time,Onsite,43,84,15,60497,2.6,21,0,87.1,1,24,1,1,0
577,HR,Team Lead,Full-time,Remote,34,41,16,57723,18.3,21,1,69.0,0,26,0,1,0
578,Engineering,Manager,Contract,Hybrid,28,87,26,65287,8.0,16,1,63.2,0,57,0,1,0
579,HR,Manager,Contract,Onsite,29,109,6,41845,6.6,0,0,71.6,0,46,0,0,0
580,Finance,Manager,Full-time,Hybrid,49,82,7,119833,16.3,10,0,80.6,1,54,0,0,0
581,Sales,Senior Associate,Full-time,Remote,30,113,7,98106,14.0,5,0,83.6,0,30,1,1,0
582,Engineering,Manager,Full-time,Onsite,46,89,22,123039,9.1,22,1,61.4,0,2,0,2,0
583,Marketing,Associate,Full-time,Hybrid,37,65,31,102986,16.0,8,0,74.3,0,27,1,1,0
584,Operations,Team Lead,Contract,Hybrid,31,118,17,115807,6.8,19,0,94.6,0,57,1,0,1
585,Finance,Senior Associate,Full-time,Remote,32,64,11,136007,19.9,15,0,98.6,0,3,1,1,0
586,Engineering,Manager,Full-time,Remote,52,79,14,85569,5.7,29,0,53.6,1,16,1,0,1
587,Operations,Senior Associate,Contract,Onsite,33,63,27,111434,4.0,25,0,51.6,0,37,0,2,1
588,Engineering,Manager,Full-time,Hybrid,52,98,30,109925,19.6,5,0,80.6,0,33,0,0,0
589,HR,Senior Associate,Full-time,Hybrid,35,48,8,143718,17.7,11,0,64.9,0,19,0,2,0
590,Engineering,Team Lead,Full-time,Remote,53,20,7,55463,4.6,18,0,41.5,0,12,1,1,0
591,Marketing,Team Lead,Full-time,Remote,38,118,18,30744,2.9,12,0,60.8,0,46,1,0,1
592,Engineering,Associate,Full-time,Onsite,56,37,7,118340,21.0,12,0,88.4,0,4,1,1,1
593,Engineering,Associate,Full-time,Hybrid,22,64,33,66282,19.4,26,0,87.8,1,59,1,0,1
594,Marketing,Manager,Full-time,Hybrid,50,91,3,82082,8.2,3,0,69.7,0,23,1,1,0
595,Finance,Team Lead,Full-time,Onsite,25,86,30,84689,16.5,8,0,68.4,0,50,1,1,1
596,Engineering,Senior Associate,Full-time,Onsite,44,115,2,106407,3.1,13,0,74.8,0,37,0,0,0
597,Marketing,Senior Associate,Full-time,Remote,49,5,34,109072,12.7,13,1,53.2,1,16,0,0,1
598,Operations,Senior Associate,Full-time,Remote,37,34,18,118633,0.5,16,0,71.6,0,56,1,1,0
599,HR,Associate,Full-time,Onsite,33,39,28,94766,9.8,4,0,40.7,1,30,0,0,1
600,HR,Senior Associate,Full-time,Onsite,42,67,9,95711,1.9,26,0,68.5,0,27,0,1,1
601,Engineering,Associate,Full-time,Hybrid,38,81,11,145253,11.9,22,0,60.2,0,0,0,2,0
602,Finance,Associate,Full-time,Onsite,34,62,29,33217,10.5,18,0,80.5,0,1,0,3,0
603,Finance,Manager,Full-time,Onsite,53,88,29,110642,11.1,1,0,78.3,1,32,0,0,1
604,Operations,Senior Associate,Full-time,Hybrid,36,24,17,60359,1.1,12,0,62.9,0,39,0,0,1
605,Engineering,Senior Associate,Full-time,Onsite,33,3,23,142000,9.0,10,0,40.4,0,28,0,3,0
606,HR,Team Lead,Full-time,Remote,36,109,31,83509,18.9,1,0,55.1,0,3,0,0,0
607,Finance,Manager,Full-time,Remote,55,71,8,91970,9.2,0,1,78.0,0,17,1,0,0
608,Engineering,Team Lead,Full-time,Hybrid,27,89,23,52357,17.9,20,1,44.3,0,54,0,0,0
609,Finance,Manager,Full-time,Onsite,38,67,25,72354,9.2,28,1,46.5,0,23,0,1,1
610,Marketing,Senior Associate,Full-time,Remote,41,79,2,68570,10.6,2,0,78.8,0,31,0,0,1
611,Finance,Associate,Full-time,Remote,30,93,22,37034,14.1,26,1,85.3,0,8,0,1,0
612,HR,Associate,Full-time,Remote,26,50,10,46263,23.8,11,1,59.3,0,46,0,1,1
613,Sales,Associate,Contract,Remote,44,29,9,72180,2.7,6,1,69.4,0,15,0,1,0
614,Operations,Associate,Full-time,Onsite,54,74,35,80099,0.8,0,0,96.7,0,20,0,0,0
615,Operations,Associate,Full-time,Onsite,35,32,12,104312,15.2,8,1,96.7,0,29,0,2,1
616,HR,Team Lead,Full-time,Onsite,38,87,28,139358,23.7,29,0,58.5,0,2,0,2,0
617,Finance,Manager,Full-time,Onsite,40,39,12,105348,24.7,17,0,88.6,0,32,0,1,0
618,Engineering,Senior Associate,Full-time,Remote,54,9,25,115275,12.1,23,0,75.6,0,30,0,0,0
619,Finance,Team Lead,Full-time,Hybrid,22,101,19,56925,11.7,25,1,98.5,0,55,0,0,0
620,HR,Manager,Full-time,Hybrid,34,116,4,149939,16.1,19,1,68.7,0,44,0,0,0
621,Operations,Associate,Full-time,Remote,48,104,19,49575,13.9,5,0,86.5,0,13,0,0,0
622,Finance,Manager,Full-time,Remote,27,14,13,52231,15.9,8,0,86.1,0,5,1,0,0
623,Operations,Manager,Full-time,Hybrid,27,68,13,106935,21.8,22,0,69.8,0,4,0,0,0
624,Engineering,Associate,Full-time,Hybrid,54,64,7,77731,18.7,7,0,87.7,0,28,0,1,0
625,Operations,Associate,Full-time,Remote,51,20,12,53100,12.4,22,0,55.7,0,54,0,1,1
626,Operations,Associate,Contract,Remote,56,28,23,40768,11.5,17,0,47.3,0,36,0,1,1
627,Sales,Senior Associate,Full-time,Onsite,44,14,14,128835,16.0,24,1,65.5,0,58,0,0,1
628,Sales,Associate,Contract,Onsite,31,44,0,145919,11.4,14,0,96.6,1,35,0,1,0
629,Marketing,Senior Associate,Full-time,Hybrid,40,98,21,89337,11.4,0,0,70.0,0,20,1,0,0
630,Sales,Associate,Full-time,Remote,49,77,33,146385,0.4,13,1,78.1,1,11,1,0,1
631,Operations,Senior Associate,Full-time,Hybrid,44,95,2,148058,4.4,17,1,77.4,0,45,0,1,0
632,HR,Manager,Full-time,Onsite,25,97,25,80697,12.2,18,1,48.0,1,58,0,0,1
633,Operations,Team Lead,Full-time,Onsite,41,116,13,41357,20.6,18,0,63.4,0,22,0,1,0
634,HR,Manager,Full-time,Hybrid,40,39,7,96973,7.0,29,1,82.4,1,13,1,1,1
635,HR,Manager,Full-time,Onsite,48,28,15,54946,13.1,9,0,98.3,0,42,0,0,1
636,Sales,Associate,Contract,Remote,55,64,20,116424,8.6,19,1,50.1,0,53,0,0,1
637,Finance,Senior Associate,Full-time,Hybrid,25,89,9,101038,2.6,20,1,64.6,0,41,0,1,0
638,Engineering,Team Lead,Full-time,Remote,28,32,24,135912,24.0,5,1,45.7,1,9,0,2,0
639,Sales,Associate,Full-time,Remote,28,9,21,85149,21.4,16,0,54.5,1,59,0,0,1
640,Sales,Associate,Full-time,Onsite,47,28,3,35566,2.0,13,0,62.6,0,26,0,0,0
641,Finance,Associate,Full-time,Remote,47,95,3,71576,18.0,12,1,72.4,0,40,1,0,0
642,Engineering,Manager,Full-time,Hybrid,40,17,29,83318,8.7,7,1,53.8,0,57,0,0,1
643,Operations,Senior Associate,Contract,Remote,30,117,1,99550,24.9,21,0,53.7,0,1,0,2,0
644,Marketing,Senior Associate,Full-time,Remote,41,87,28,81408,7.6,9,1,86.7,0,13,1,0,0
645,Marketing,Team Lead,Full-time,Remote,37,77,35,83506,6.0,8,0,97.8,1,6,1,2,0
646,Operations,Senior Associate,Full-time,Remote,38,55,20,147998,14.2,4,0,59.4,0,16,0,0,0
647,Sales,Senior Associate,Contract,Remote,43,10,20,109149,20.9,22,0,81.3,0,55,0,0,0
648,Engineering,Associate,Full-time,Onsite,34,80,20,70167,4.8,26,0,55.5,0,19,1,1,1
649,Sales,Associate,Full-time,Hybrid,33,6,3,63699,17.7,3,0,95.7,0,7,0,1,0
650,HR,Manager,Full-time,Onsite,31,48,0,147017,1.5,5,1,80.4,0,55,0,1,0
651,Sales,Associate,Full-time,Hybrid,22,75,25,79545,23.0,5,0,88.2,0,19,0,0,1
652,Sales,Associate,Full-time,Hybrid,53,116,1,130769,2.0,12,0,43.0,0,35,0,0,0
653,Operations,Associate,Full-time,Hybrid,51,67,8,82429,22.9,3,1,75.9,0,4,2,1,0
654,Operations,Associate,Full-time,Hybrid,29,92,17,143927,12.3,21,1,71.7,0,12,0,1,1
655,Operations,Manager,Full-time,Hybrid,42,41,10,117350,11.2,7,0,57.6,0,38,0,0,0
656,Marketing,Associate,Full-time,Remote,43,79,24,53386,24.3,26,0,55.7,1,37,0,0,0
657,HR,Team Lead,Full-time,Onsite,39,60,25,89273,24.8,4,0,74.8,0,16,0,1,0
658,Operations,Team Lead,Full-time,Onsite,23,77,35,142312,16.3,1,1,82.4,1,5,1,0,0
659,Engineering,Team Lead,Full-time,Remote,30,42,34,71585,3.2,8,0,42.0,0,18,2,1,1
660,Marketing,Team Lead,Full-time,Hybrid,24,116,2,134292,12.7,10,0,74.0,0,24,0,0,0
661,Finance,Associate,Full-time,Onsite,47,109,34,37509,13.2,19,1,50.2,0,2,0,0,0
662,Engineering,Team Lead,Full-time,Remote,42,81,21,117852,12.9,19,0,48.4,1,40,0,0,0
663,Engineering,Associate,Full-time,Remote,51,71,7,141153,14.2,10,0,77.4,1,52,0,1,0
664,Operations,Manager,Contract,Onsite,49,28,14,106607,0.5,6,1,58.7,0,27,1,0,1
665,Finance,Team Lead,Full-time,Onsite,57,102,6,123278,17.8,25,0,66.5,0,25,0,1,0
666,Finance,Senior Associate,Full-time,Hybrid,47,13,18,142385,17.8,13,0,61.6,1,46,1,1,1
667,Marketing,Team Lead,Full-time,Hybrid,55,81,16,108764,2.9,25,1,78.9,0,7,1,1,1
668,Finance,Team Lead,Full-time,Onsite,29,15,0,107150,14.3,5,1,68.2,0,56,1,2,1
669,HR,Associate,Full-time,Hybrid,31,36,28,105837,14.2,29,0,97.8,0,56,0,1,0
670,Operations,Team Lead,Full-time,Remote,35,92,12,93305,17.1,3,0,61.1,0,54,0,0,1
671,Finance,Senior Associate,Full-time,Hybrid,36,15,28,131085,2.1,5,1,84.4,0,57,0,2,1
672,Marketing,Associate,Full-time,Hybrid,38,110,5,72851,15.7,2,0,55.4,0,14,1,0,0
673,HR,Associate,Full-time,Remote,39,117,4,106910,7.0,22,0,70.5,0,0,0,1,0
674,Sales,Manager,Full-time,Hybrid,53,75,33,64407,12.7,5,0,73.2,0,39,0,0,0
675,Sales,Manager,Full-time,Remote,44,56,10,76606,19.3,2,0,59.7,0,22,0,1,0
676,HR,Team Lead,Full-time,Hybrid,44,95,8,137277,17.6,0,1,68.3,0,35,0,0,0
677,Marketing,Manager,Contract,Onsite,56,4,8,109518,3.0,27,0,56.8,0,53,0,1,1
678,HR,Manager,Contract,Hybrid,36,99,7,126794,14.8,25,1,40.4,0,41,1,4,0
679,Operations,Manager,Full-time,Onsite,45,98,2,75652,24.2,20,1,52.9,1,15,0,1,0
680,Operations,Associate,Full-time,Onsite,49,52,12,40248,3.9,25,1,82.0,1,49,0,0,1
681,Sales,Associate,Full-time,Onsite,37,91,18,40515,21.3,17,1,86.3,0,3,0,0,0
682,Finance,Associate,Full-time,Onsite,37,10,33,130578,17.6,22,1,56.8,1,7,1,1,0
683,Marketing,Manager,Full-time,Onsite,27,94,31,122345,19.4,28,0,64.5,0,35,0,1,0
684,Sales,Associate,Full-time,Remote,23,45,15,40830,7.0,22,0,42.2,0,9,0,1,0
685,Finance,Manager,Full-time,Remote,34,84,35,90631,7.2,3,1,54.2,0,51,1,0,1
686,Finance,Associate,Full-time,Remote,30,29,17,130784,22.7,5,0,86.8,1,29,0,0,1
687,Operations,Associate,Full-time,Onsite,55,53,13,36799,9.0,16,0,76.4,1,35,0,1,1
688,Engineering,Senior Associate,Full-time,Hybrid,38,29,29,104083,1.6,17,0,52.3,0,15,2,3,1
689,Engineering,Team Lead,Full-time,Remote,48,23,1,127098,15.0,5,0,55.4,0,29,1,1,0
690,HR,Manager,Full-time,Hybrid,50,57,12,44328,3.1,1,1,89.0,0,43,0,1,0
691,Operations,Senior Associate,Contract,Hybrid,43,50,26,42679,19.9,11,1,52.5,0,9,0,0,0
692,Finance,Associate,Full-time,Onsite,45,21,16,51058,16.0,11,0,60.0,0,56,1,0,1
693,Marketing,Manager,Full-time,Onsite,28,112,30,127773,21.9,26,1,79.9,0,10,1,1,0
694,Engineering,Associate,Contract,Onsite,55,43,14,76696,19.6,3,0,73.7,1,33,1,0,1
695,Finance,Team Lead,Contract,Remote,33,10,19,115442,2.8,15,1,67.7,1,15,0,0,0
696,Engineering,Senior Associate,Full-time,Onsite,44,105,4,138963,9.5,19,0,94.0,0,54,0,0,0
697,Engineering,Team Lead,Full-time,Remote,36,76,6,68872,19.4,9,1,53.2,0,18,0,0,0
698,Engineering,Senior Associate,Full-time,Remote,54,30,17,84971,10.4,24,0,84.5,1,43,0,0,1
699,Marketing,Associate,Full-time,Remote,34,51,10,112083,24.3,9,0,49.5,1,3,0,1,0
700,Operations,Team Lead,Full-time,Remote,44,33,31,53306,18.4,6,1,76.9,0,48,1,0,1
701,Marketing,Team Lead,Full-time,Onsite,53,18,26,58210,0.4,13,0,92.2,0,43,0,0,0
702,Sales,Associate,Full-time,Remote,56,78,25,75693,22.0,6,1,67.5,1,30,0,1,1
703,Finance,Team Lead,Full-time,Onsite,22,22,27,58239,2.5,11,0,83.5,1,47,0,2,1
704,Operations,Manager,Full-time,Onsite,26,64,1,123366,3.5,10,0,89.2,0,34,0,0,0
705,Operations,Senior Associate,Full-time,Remote,34,21,19,98917,18.4,16,0,48.2,0,33,1,0,0
706,Operations,Senior Associate,Full-time,Onsite,26,1,3,130368,21.6,10,0,82.3,0,25,1,1,0
707,Operations,Senior Associate,Full-time,Hybrid,53,113,12,134893,13.4,20,0,95.2,0,38,1,1,1
708,Marketing,Manager,Full-time,Onsite,42,107,23,124377,7.2,2,1,74.6,1,5,0,0,0
709,Operations,Senior Associate,Full-time,Onsite,45,116,28,37447,8.8,18,0,51.2,0,32,0,0,1
710,HR,Associate,Full-time,Remote,39,15,35,115904,8.6,21,1,47.6,1,46,1,1,1
711,Finance,Team Lead,Contract,Remote,42,36,1,50271,8.2,3,0,55.6,0,26,0,1,1
712,Operations,Manager,Full-time,Onsite,31,47,17,95875,6.1,7,0,46.2,0,11,0,1,0
713,Finance,Senior Associate,Full-time,Remote,45,54,7,149509,15.2,13,0,70.8,0,44,1,0,1
714,HR,Associate,Full-time,Hybrid,42,86,14,148469,22.5,19,0,44.2,1,7,0,0,1
715,HR,Team Lead,Full-time,Hybrid,46,32,16,115510,7.7,23,1,53.4,1,8,2,0,0
716,Finance,Team Lead,Full-time,Remote,44,58,22,122045,4.7,13,0,66.4,0,0,1,0,0
717,Engineering,Manager,Full-time,Onsite,43,46,1,133434,21.0,27,0,68.4,0,4,0,1,0
718,Sales,Manager,Full-time,Hybrid,25,54,5,86843,18.5,15,0,73.9,1,6,1,0,0
719,Engineering,Manager,Full-time,Hybrid,55,33,28,56221,23.3,14,0,82.3,0,17,2,1,0
720,Engineering,Associate,Full-time,Onsite,27,105,26,94388,4.1,11,0,42.8,1,53,0,0,0
721,Marketing,Associate,Full-time,Remote,49,39,33,122799,3.6,15,0,44.8,0,39,0,1,0
722,Engineering,Manager,Full-time,Hybrid,52,23,17,86467,13.5,19,0,43.7,0,23,1,0,1
723,Operations,Senior Associate,Contract,Onsite,56,43,9,103269,15.4,18,1,65.4,0,25,1,0,0
724,Marketing,Team Lead,Full-time,Onsite,44,55,16,141414,12.0,4,1,42.5,1,9,0,0,1
725,Marketing,Team Lead,Full-time,Hybrid,27,2,12,100585,15.0,11,0,84.8,1,39,0,0,1
726,HR,Associate,Full-time,Remote,37,66,26,73086,4.5,28,0,53.4,0,43,1,1,1
727,Engineering,Team Lead,Full-time,Hybrid,23,38,1,140937,12.0,4,1,96.4,0,47,1,0,0
728,HR,Senior Associate,Full-time,Onsite,45,119,33,116624,16.5,9,1,69.2,0,11,0,2,0
729,Finance,Team Lead,Full-time,Hybrid,38,115,30,111144,10.8,25,1,66.8,0,53,0,1,0
730,Sales,Associate,Full-time,Remote,22,29,22,30638,17.0,16,1,86.8,0,21,1,1,1
731,Marketing,Associate,Full-time,Onsite,27,116,6,103245,11.3,14,0,82.8,1,26,1,0,0
732,Finance,Senior Associate,Full-time,Remote,26,110,32,100679,8.3,7,1,76.4,0,2,0,0,0
733,Finance,Senior Associate,Full-time,Hybrid,50,67,11,92934,7.6,7,1,96.1,0,17,0,0,0
734,Operations,Team Lead,Full-time,Hybrid,33,103,11,96760,10.3,7,0,65.3,0,4,0,0,0
735,Sales,Team Lead,Full-time,Remote,24,71,18,77234,0.6,29,0,88.5,0,13,0,1,0
736,Finance,Associate,Full-time,Hybrid,22,36,8,91049,16.7,9,0,62.8,0,24,0,0,0
737,Finance,Senior Associate,Full-time,Remote,48,29,9,93843,21.1,19,0,90.3,1,51,1,1,0
738,Sales,Senior Associate,Full-time,Hybrid,45,119,16,78047,8.9,12,0,55.6,0,30,0,3,0
739,Sales,Senior Associate,Full-time,Remote,40,37,9,140406,1.2,29,0,57.4,0,20,0,2,1
740,Finance,Team Lead,Full-time,Remote,29,113,11,132549,24.7,15,0,80.7,0,47,0,1,0
741,Sales,Senior Associate,Full-time,Onsite,23,100,14,39741,6.6,8,0,52.8,1,53,0,0,0
742,Finance,Associate,Contract,Onsite,51,87,30,93004,3.2,15,0,53.7,0,58,1,3,0
743,Finance,Associate,Full-time,Remote,51,45,14,91489,9.2,9,1,58.3,0,37,1,0,0
744,Operations,Team Lead,Full-time,Hybrid,53,16,27,52991,18.5,2,0,80.7,1,47,0,0,0
745,Engineering,Manager,Full-time,Hybrid,22,112,3,135711,7.3,22,1,93.4,1,19,0,2,0
746,Finance,Team Lead,Full-time,Hybrid,34,31,35,56081,14.4,21,1,80.5,0,13,0,1,1
747,HR,Manager,Full-time,Remote,32,34,0,143094,10.4,24,1,89.7,0,19,0,0,0
748,Marketing,Senior Associate,Full-time,Remote,31,50,33,87304,2.9,27,1,72.6,1,55,0,0,1
749,Engineering,Team Lead,Full-time,Remote,47,65,16,45642,8.3,13,0,44.1,0,36,2,2,0
750,Engineering,Associate,Full-time,Remote,41,82,32,105103,18.1,12,0,46.0,0,45,1,0,0
751,Engineering,Senior Associate,Full-time,Onsite,38,62,20,137163,15.3,3,0,73.3,0,29,0,1,1
752,Operations,Associate,Full-time,Remote,38,104,25,134072,3.0,3,1,59.7,0,42,1,2,1
753,Finance,Senior Associate,Contract,Hybrid,25,43,35,147062,4.1,5,0,53.2,1,52,1,0,1
754,Operations,Team Lead,Full-time,Onsite,26,56,4,148778,16.0,23,0,68.0,0,40,0,0,1
755,Finance,Manager,Full-time,Hybrid,44,15,32,47399,20.3,18,1,80.0,0,19,0,0,0
756,Operations,Senior Associate,Full-time,Remote,31,48,0,63103,8.7,10,1,63.1,1,6,1,1,1
757,Operations,Manager,Full-time,Onsite,49,49,5,141257,14.9,7,1,88.2,0,4,0,1,0
758,Marketing,Senior Associate,Full-time,Remote,54,81,1,45330,4.3,13,0,84.3,0,30,0,1,0
759,HR,Associate,Full-time,Onsite,47,44,4,46464,7.8,7,0,84.1,0,28,0,2,0
760,Operations,Associate,Full-time,Hybrid,50,10,25,32134,0.5,29,0,99.1,0,14,1,0,0
761,Marketing,Senior Associate,Full-time,Remote,48,20,12,79409,19.2,13,0,57.7,0,24,1,1,0
762,Sales,Manager,Full-time,Remote,39,70,11,125198,10.0,22,1,78.7,0,12,2,0,0
763,HR,Team Lead,Full-time,Onsite,31,8,4,30184,20.4,6,0,91.3,0,43,0,1,0
764,Operations,Team Lead,Full-time,Onsite,26,45,1,125923,17.7,20,0,74.8,0,23,0,0,0
765,Engineering,Associate,Contract,Remote,31,34,3,79274,20.7,17,1,87.4,0,14,2,1,0
766,Sales,Team Lead,Full-time,Onsite,42,96,26,136360,7.1,11,0,64.9,0,23,0,0,0
767,Sales,Associate,Full-time,Remote,45,51,9,102799,4.6,13,1,75.4,0,57,1,1,0
768,Marketing,Team Lead,Full-time,Onsite,24,118,12,149388,24.3,14,1,43.3,0,25,0,1,0
769,Sales,Senior Associate,Contract,Hybrid,52,106,1,85810,17.9,17,1,99.1,0,18,0,0,0
770,HR,Associate,Full-time,Onsite,23,4,25,108727,20.9,28,0,88.0,1,56,0,1,1
771,Operations,Associate,Full-time,Hybrid,23,108,14,99050,0.3,11,0,92.1,1,23,1,1,0
772,Operations,Senior Associate,Full-time,Onsite,55,114,9,62734,8.9,9,1,81.7,0,18,1,0,0
773,Engineering,Associate,Full-time,Onsite,41,39,21,101613,18.6,11,1,51.2,1,41,1,0,1
774,Marketing,Team Lead,Full-time,Remote,54,84,24,80546,1.9,7,0,41.9,1,16,0,1,0
775,Engineering,Team Lead,Full-time,Onsite,25,24,14,65120,14.2,26,0,91.9,0,47,0,2,0
776,Sales,Associate,Contract,Onsite,32,88,12,78484,10.7,5,0,63.8,0,4,1,0,0
777,Engineering,Team Lead,Full-time,Hybrid,26,55,7,90563,0.4,23,1,55.8,1,3,0,1,0
778,HR,Manager,Full-time,Onsite,46,26,20,105036,5.9,18,0,73.7,0,55,0,0,0
779,Operations,Associate,Full-time,Remote,55,25,20,110528,7.1,0,0,65.3,0,21,0,0,0
780,Sales,Senior Associate,Full-time,Hybrid,30,36,21,85113,2.8,12,0,79.1,1,9,1,0,0
781,Engineering,Manager,Contract,Remote,27,71,32,83096,15.8,21,0,69.0,0,20,0,0,0
782,Marketing,Associate,Full-time,Remote,39,74,26,40133,6.1,15,1,81.8,0,24,1,1,0
783,HR,Senior Associate,Full-time,Remote,35,58,21,36405,6.9,17,0,91.2,0,5,1,1,0
784,HR,Team Lead,Full-time,Remote,40,111,29,60269,22.5,11,0,51.7,0,29,1,0,1
785,Engineering,Senior Associate,Full-time,Hybrid,35,12,8,112410,11.7,24,0,59.8,0,28,1,0,0
786,Operations,Manager,Full-time,Onsite,38,1,34,126993,9.8,4,0,66.2,1,10,0,1,1
787,Engineering,Team Lead,Full-time,Remote,56,116,17,145742,18.1,20,0,97.7,0,10,0,0,0
788,Sales,Associate,Full-time,Hybrid,50,50,4,47085,22.7,12,0,61.9,0,58,0,0,0
789,Engineering,Team Lead,Contract,Remote,38,25,26,65702,0.6,25,0,62.9,0,47,0,0,1
790,HR,Associate,Full-time,Onsite,29,80,5,109883,11.2,7,1,79.2,0,45,0,0,0
791,Engineering,Associate,Contract,Hybrid,22,5,31,43502,15.3,5,0,65.2,1,26,1,0,1
792,Operations,Senior Associate,Full-time,Hybrid,57,83,7,76479,8.0,2,1,97.1,0,18,0,0,0
793,Marketing,Senior Associate,Full-time,Onsite,28,68,20,109384,19.3,24,0,93.7,0,21,0,1,0
794,Finance,Senior Associate,Full-time,Hybrid,26,6,17,117957,24.3,25,0,70.8,0,27,0,1,0
795,Engineering,Manager,Full-time,Onsite,45,26,13,44426,23.6,19,0,78.7,0,58,0,0,0
796,Operations,Manager,Full-time,Hybrid,49,113,14,100231,6.6,25,0,43.5,0,59,2,2,1
797,Operations,Senior Associate,Full-time,Hybrid,38,103,25,144507,5.7,3,0,81.7,0,3,0,2,0
798,Marketing,Manager,Full-time,Onsite,41,55,31,45860,23.9,11,0,82.4,0,36,0,0,0
799,HR,Team Lead,Full-time,Onsite,24,39,27,76865,11.5,12,0,61.6,0,53,1,0,1
800,Operations,Team Lead,Full-time,Hybrid,47,9,31,77404,5.2,1,0,53.2,1,56,1,1,0
801,Operations,Manager,Full-time,Hybrid,36,45,12,121246,17.7,18,0,94.9,0,18,1,1,0
802,Operations,Manager,Full-time,Onsite,29,116,14,87423,7.1,3,0,65.6,0,16,0,1,0
803,Operations,Team Lead,Full-time,Onsite,34,14,17,120947,6.7,22,0,79.2,1,49,1,1,1
804,Sales,Associate,Full-time,Hybrid,24,112,5,104379,22.0,12,1,42.0,1,39,0,1,0
805,Sales,Team Lead,Full-time,Hybrid,22,55,10,61152,4.1,18,0,64.8,0,35,0,1,1
806,HR,Team Lead,Contract,Hybrid,30,9,31,145104,1.6,7,1,89.0,1,22,0,1,1
807,Engineering,Manager,Full-time,Onsite,52,15,19,111109,6.7,7,0,63.3,1,49,0,2,1
808,Operations,Team Lead,Full-time,Hybrid,47,37,32,133870,15.2,15,1,76.2,0,27,0,0,0
809,Marketing,Manager,Full-time,Remote,38,50,7,60737,3.1,25,0,52.6,0,10,0,0,0
810,Engineering,Manager,Full-time,Onsite,55,117,34,84325,11.8,10,1,65.0,0,57,1,1,1
811,Marketing,Senior Associate,Full-time,Hybrid,30,84,4,68767,15.7,17,0,95.7,0,13,1,0,0
812,Engineering,Team Lead,Full-time,Onsite,34,72,34,123792,21.2,3,0,74.0,0,12,0,2,0
813,HR,Associate,Contract,Remote,26,96,13,132170,5.7,23,0,94.1,0,23,0,2,0
814,Operations,Senior Associate,Full-time,Onsite,34,111,20,71705,20.4,0,0,94.1,1,57,0,2,1
815,Operations,Manager,Full-time,Hybrid,22,21,23,32002,5.9,0,1,96.6,0,15,1,1,1
816,Finance,Manager,Full-time,Remote,46,57,16,112159,16.9,29,0,93.7,0,27,2,0,1
817,Marketing,Associate,Full-time,Remote,25,105,17,90237,10.8,13,0,40.2,0,29,0,2,0
818,Engineering,Manager,Full-time,Hybrid,57,19,33,146632,2.9,3,0,96.0,0,43,0,0,1
819,Engineering,Team Lead,Full-time,Hybrid,31,93,11,85713,17.9,10,0,48.2,1,40,0,1,1
820,Sales,Senior Associate,Full-time,Hybrid,49,58,15,71815,5.4,17,0,42.4,0,38,0,0,1
821,Finance,Manager,Contract,Onsite,27,95,3,94997,4.4,15,0,43.3,0,41,1,1,0
822,Sales,Manager,Full-time,Onsite,48,118,24,90859,9.0,16,0,60.9,0,26,1,0,0
823,Sales,Associate,Full-time,Onsite,33,6,33,144229,16.3,23,0,77.2,1,16,0,0,1
824,Sales,Team Lead,Full-time,Hybrid,24,4,27,93236,5.8,1,0,64.1,0,49,0,0,1
825,Marketing,Manager,Full-time,Hybrid,54,43,10,117787,4.6,3,0,41.5,0,56,1,1,1
826,Marketing,Associate,Full-time,Onsite,31,93,12,147882,0.2,2,0,68.6,0,25,0,0,0
827,HR,Manager,Full-time,Remote,52,42,30,108243,11.8,14,0,66.5,1,6,0,0,0
828,HR,Associate,Full-time,Onsite,36,3,24,119653,10.7,1,0,85.4,0,58,1,0,0
829,Sales,Associate,Full-time,Remote,28,1,9,52743,5.8,23,1,56.8,1,34,0,0,0
830,Finance,Team Lead,Full-time,Hybrid,57,108,23,86739,1.3,18,1,53.1,0,14,0,0,0
831,Engineering,Manager,Contract,Hybrid,35,55,0,149492,10.7,8,1,55.4,0,15,2,0,0
832,Marketing,Team Lead,Full-time,Onsite,35,15,24,106326,19.7,9,0,58.2,0,20,1,0,0
833,Finance,Associate,Contract,Onsite,24,47,27,143605,17.9,20,1,75.9,0,16,0,1,0
834,Operations,Senior Associate,Contract,Hybrid,24,85,35,128156,21.5,24,0,68.3,1,44,0,2,1
835,Marketing,Manager,Full-time,Onsite,43,46,17,111132,0.2,18,0,60.2,1,25,0,0,0
836,Marketing,Senior Associate,Full-time,Hybrid,40,58,5,60339,24.2,27,0,62.5,1,34,1,2,1
837,HR,Manager,Full-time,Hybrid,56,95,1,64121,8.5,4,1,62.3,0,58,0,0,0
838,Engineering,Team Lead,Full-time,Remote,33,71,2,72995,24.8,13,1,98.3,1,19,2,0,1
839,Engineering,Team Lead,Full-time,Onsite,26,81,7,82032,6.3,9,0,54.0,0,19,0,2,1
840,Operations,Team Lead,Full-time,Hybrid,31,83,30,144132,11.8,15,0,89.1,1,22,1,0,0
841,Operations,Team Lead,Contract,Onsite,54,39,18,79831,8.8,5,0,82.5,1,4,1,0,0
842,Marketing,Team Lead,Full-time,Remote,34,3,5,71446,8.9,24,1,40.3,0,8,0,2,1
843,Sales,Senior Associate,Full-time,Remote,56,30,13,148308,21.1,7,1,99.6,1,22,2,0,1
844,HR,Team Lead,Full-time,Onsite,53,35,2,75678,18.7,1,0,85.4,0,17,0,1,0
845,HR,Associate,Contract,Onsite,32,57,0,50698,24.8,17,0,80.9,0,28,1,1,0
846,Marketing,Associate,Full-time,Hybrid,45,29,29,135168,15.3,28,0,64.3,0,10,0,1,0
847,Finance,Senior Associate,Contract,Remote,56,50,18,110252,11.6,20,1,73.3,0,42,0,1,1
848,Sales,Manager,Full-time,Remote,40,62,18,126342,2.3,20,1,55.2,0,47,0,0,1
849,Marketing,Associate,Full-time,Remote,27,52,8,113404,24.9,20,0,42.1,1,7,0,0,1
850,Sales,Manager,Full-time,Onsite,56,118,6,77918,13.8,19,0,90.2,0,26,0,1,0
851,Sales,Senior Associate,Full-time,Hybrid,25,14,6,126666,17.5,7,1,93.8,0,1,0,0,0
852,Sales,Manager,Full-time,Onsite,54,35,8,145378,10.2,26,0,49.7,0,22,4,0,1
853,Marketing,Manager,Full-time,Onsite,34,28,3,87235,13.7,4,1,87.2,0,20,0,0,1
854,HR,Manager,Full-time,Onsite,57,58,24,36125,23.6,16,0,84.5,0,9,0,0,0
855,HR,Manager,Full-time,Hybrid,40,30,11,137508,4.2,15,1,50.7,0,37,0,0,0
856,Sales,Senior Associate,Full-time,Onsite,33,90,5,130651,7.3,25,1,65.3,0,58,0,0,1
857,Finance,Associate,Contract,Remote,32,7,17,77511,3.8,29,0,65.4,0,3,0,0,0
858,Engineering,Team Lead,Full-time,Remote,27,39,20,132012,19.8,4,1,85.6,1,20,1,1,1
859,Marketing,Manager,Full-time,Remote,33,95,14,59046,1.6,16,0,90.3,0,59,0,1,0
860,Engineering,Associate,Full-time,Hybrid,48,69,2,118296,2.0,3,1,45.7,0,36,1,1,1
861,Finance,Associate,Full-time,Onsite,46,35,1,40114,7.5,0,1,73.8,1,54,1,1,1
862,Marketing,Senior Associate,Full-time,Hybrid,24,114,3,30637,12.9,21,0,85.7,1,42,0,0,1
863,Sales,Associate,Full-time,Onsite,24,111,31,68634,10.2,5,0,87.2,0,11,1,0,0
864,HR,Senior Associate,Full-time,Remote,41,52,1,118713,1.1,0,0,48.9,0,47,0,0,0
865,Engineering,Manager,Full-time,Onsite,49,14,28,65776,23.9,27,1,71.5,1,51,0,0,0
866,Operations,Manager,Full-time,Onsite,44,63,1,53600,23.8,23,1,91.5,1,52,1,0,1
867,Operations,Team Lead,Full-time,Onsite,24,36,33,111787,7.0,29,0,59.1,1,45,2,1,0
868,Finance,Team Lead,Full-time,Hybrid,45,91,26,56809,18.3,3,1,65.5,0,13,1,0,0
869,Sales,Team Lead,Full-time,Onsite,27,24,17,53756,14.5,1,0,88.3,0,51,0,2,1
870,Engineering,Associate,Full-time,Onsite,41,40,35,89469,5.9,12,0,45.4,0,19,2,1,1
871,Sales,Manager,Full-time,Onsite,32,29,18,68368,6.6,13,0,91.6,0,46,1,0,1
872,Engineering,Senior Associate,Full-time,Hybrid,53,53,26,107185,12.3,16,0,58.7,0,7,0,0,0
873,Finance,Team Lead,Contract,Hybrid,48,109,19,106902,10.5,10,0,40.1,0,26,1,0,0
874,Finance,Senior Associate,Full-time,Hybrid,42,22,20,41880,7.3,2,0,54.0,0,36,1,0,0
875,Operations,Senior Associate,Full-time,Onsite,34,72,22,113319,20.2,6,0,45.4,1,40,0,0,0
876,Sales,Team Lead,Full-time,Remote,43,15,29,87155,12.0,9,1,45.5,0,20,2,0,1
877,Marketing,Manager,Full-time,Remote,56,113,24,146193,16.4,10,0,81.6,0,47,1,1,0
878,Operations,Team Lead,Full-time,Remote,43,69,30,117762,4.7,9,0,52.8,1,55,1,1,1
879,Sales,Senior Associate,Full-time,Onsite,49,116,26,136745,13.3,7,0,96.1,0,34,0,3,0
880,Operations,Team Lead,Full-time,Remote,42,64,33,95316,7.9,4,1,71.0,0,43,0,0,1
881,Marketing,Senior Associate,Full-time,Remote,39,4,7,100856,13.2,22,1,67.6,0,38,1,0,0
882,HR,Senior Associate,Full-time,Remote,52,75,18,38727,19.5,1,1,66.1,0,48,0,0,0
883,HR,Team Lead,Full-time,Onsite,42,18,25,107260,19.2,27,1,81.6,0,14,0,0,0
884,HR,Associate,Full-time,Remote,35,42,27,69211,8.9,27,0,67.1,1,46,0,0,0
885,HR,Team Lead,Full-time,Remote,46,113,3,115469,17.4,14,0,47.7,0,11,1,1,0
886,Engineering,Associate,Full-time,Onsite,48,30,30,108930,23.5,15,1,92.8,1,52,0,0,1
887,HR,Senior Associate,Full-time,Hybrid,44,15,15,135256,15.6,3,1,65.7,0,33,0,0,1
888,Marketing,Senior Associate,Full-time,Remote,52,70,9,71417,3.7,21,0,44.4,0,7,0,1,0
889,Finance,Associate,Full-time,Hybrid,50,55,9,114658,17.0,27,1,71.8,1,59,0,0,1
890,Finance,Senior Associate,Full-time,Remote,51,53,8,131673,2.6,27,1,78.8,0,53,0,2,0
891,Engineering,Associate,Full-time,Onsite,47,16,35,92827,21.8,15,1,56.5,0,36,0,1,1
892,HR,Associate,Full-time,Hybrid,41,111,35,61437,12.9,11,1,88.0,0,29,0,1,0
893,HR,Senior Associate,Full-time,Hybrid,40,104,18,50519,9.6,27,0,80.2,0,2,2,1,1
894,HR,Manager,Full-time,Hybrid,48,73,18,37983,1.4,13,0,79.0,0,29,0,0,0
895,Operations,Associate,Full-time,Hybrid,46,107,11,74656,9.5,11,0,65.2,1,28,1,0,0
896,Sales,Team Lead,Full-time,Remote,44,34,12,148099,22.6,27,0,97.7,0,0,0,0,0
897,Operations,Team Lead,Full-time,Remote,50,27,24,35635,0.5,20,1,56.5,1,15,0,0,0
898,Sales,Senior Associate,Full-time,Hybrid,36,13,35,132373,11.9,15,0,74.7,0,41,1,0,0
899,HR,Manager,Full-time,Remote,24,100,24,134555,23.3,15,0,58.5,0,30,0,1,1
900,HR,Senior Associate,Full-time,Hybrid,31,27,27,139883,9.9,21,0,84.7,0,57,0,0,0
901,Operations,Manager,Full-time,Hybrid,36,73,29,147873,10.7,11,1,42.9,0,9,0,1,0
902,Operations,Associate,Full-time,Onsite,37,69,4,49622,14.5,1,0,42.8,0,29,0,0,0
903,Sales,Associate,Full-time,Hybrid,38,115,16,134041,11.6,22,0,88.7,1,42,0,0,0
904,Finance,Associate,Contract,Remote,40,86,17,104975,4.2,23,0,66.1,0,25,1,1,0
905,Sales,Associate,Full-time,Hybrid,32,31,20,123445,0.5,28,0,60.5,0,11,0,0,0
906,Operations,Team Lead,Contract,Onsite,26,3,21,90666,15.2,13,1,76.5,1,39,0,0,0
907,Marketing,Team Lead,Full-time,Remote,26,30,5,130877,23.0,10,1,82.1,0,58,0,1,0
908,Operations,Senior Associate,Full-time,Onsite,35,21,15,86005,2.7,8,0,52.1,0,4,1,0,0
909,Marketing,Manager,Full-time,Onsite,47,99,1,128429,5.3,21,1,51.1,0,8,0,1,0
910,Engineering,Associate,Full-time,Hybrid,29,6,0,137725,9.3,6,0,97.5,0,10,0,0,0
911,Operations,Associate,Full-time,Onsite,26,92,29,41403,20.2,28,1,75.4,0,46,0,0,0
912,Engineering,Manager,Full-time,Onsite,28,32,22,90477,6.7,11,0,63.4,0,22,1,2,1
913,Finance,Manager,Full-time,Remote,37,42,0,129610,22.1,28,1,88.1,0,16,0,0,0
914,Sales,Senior Associate,Contract,Onsite,35,101,18,130405,1.4,16,0,71.5,1,42,0,0,0
915,Marketing,Manager,Full-time,Hybrid,25,62,2,142985,23.5,8,0,54.5,1,12,1,0,0
916,Sales,Associate,Full-time,Hybrid,57,89,1,95035,14.0,5,0,52.4,1,16,1,0,0
917,Engineering,Associate,Full-time,Hybrid,38,32,16,62903,16.5,11,0,63.8,0,22,1,1,0
918,Marketing,Associate,Full-time,Onsite,57,99,27,122489,9.2,19,1,91.6,0,58,0,1,0
919,Sales,Associate,Full-time,Remote,27,86,17,37311,19.5,9,0,43.7,0,38,1,1,0
920,Operations,Associate,Full-time,Hybrid,37,88,32,80611,4.2,8,0,53.1,0,8,0,0,0
921,HR,Senior Associate,Full-time,Onsite,50,39,14,127561,1.2,11,1,93.6,0,17,0,1,1
922,Engineering,Associate,Full-time,Hybrid,57,64,21,50615,9.9,0,0,47.3,0,54,0,2,0
923,Sales,Senior Associate,Full-time,Hybrid,31,118,26,86808,21.3,1,1,77.8,0,17,0,0,0
924,Engineering,Associate,Contract,Remote,57,30,31,63580,18.9,18,0,52.8,1,29,0,0,0
925,Engineering,Team Lead,Full-time,Hybrid,50,63,18,87052,12.9,0,0,76.4,0,41,0,1,0
926,Marketing,Team Lead,Contract,Remote,35,114,27,121856,14.3,15,1,63.0,1,43,0,0,0
927,Marketing,Team Lead,Full-time,Onsite,25,96,27,72898,3.2,15,0,46.1,1,25,1,3,1
928,HR,Team Lead,Full-time,Hybrid,57,31,9,53952,21.0,17,0,74.9,0,17,0,0,0
929,Operations,Senior Associate,Full-time,Onsite,34,87,19,112790,19.7,17,1,81.0,0,20,1,1,1
930,Engineering,Senior Associate,Full-time,Onsite,39,40,24,45227,16.4,22,0,80.8,0,40,0,1,0
931,Sales,Manager,Full-time,Onsite,54,33,20,43760,11.7,25,1,78.2,1,40,0,0,1
932,Finance,Associate,Full-time,Hybrid,42,63,13,38826,24.1,12,1,70.0,0,41,1,0,1
933,Engineering,Team Lead,Full-time,Remote,37,25,21,109475,22.0,21,0,71.2,0,32,0,0,0
934,Engineering,Senior Associate,Full-time,Hybrid,36,36,25,128972,16.1,11,1,78.1,0,42,0,0,0
935,HR,Associate,Full-time,Onsite,26,24,10,113213,9.3,8,0,81.4,0,13,1,0,0
936,Operations,Associate,Full-time,Remote,27,95,6,90432,15.5,29,0,79.3,1,54,2,1,1
937,Finance,Senior Associate,Full-time,Onsite,24,58,16,103996,14.4,4,1,75.2,0,57,1,0,0
938,Marketing,Team Lead,Full-time,Remote,33,39,17,88204,9.9,8,1,49.4,0,9,0,0,0
939,Marketing,Manager,Full-time,Hybrid,57,46,6,38673,7.7,29,1,52.6,0,27,1,0,1
940,Sales,Associate,Full-time,Remote,54,77,19,123402,10.2,12,1,55.6,1,13,0,0,1
941,Finance,Manager,Contract,Hybrid,57,10,10,66158,14.3,15,0,95.2,0,18,0,0,0
942,Marketing,Team Lead,Full-time,Onsite,54,87,15,104989,10.7,27,0,85.6,1,25,0,0,0
943,Sales,Team Lead,Full-time,Remote,52,82,26,45904,6.6,9,0,73.2,1,9,0,0,0
944,Operations,Manager,Full-time,Onsite,42,32,10,45396,19.0,29,0,55.1,1,16,0,0,1
945,Sales,Team Lead,Full-time,Remote,48,97,15,123906,13.3,15,0,46.7,0,33,0,1,0
946,Marketing,Associate,Full-time,Hybrid,48,36,22,117469,1.7,13,1,93.9,0,53,0,0,1
947,HR,Manager,Full-time,Remote,29,28,11,84039,9.2,24,0,93.6,0,13,0,2,0
948,HR,Team Lead,Full-time,Remote,53,16,2,125885,22.1,1,1,46.6,0,25,0,0,0
949,HR,Manager,Full-time,Hybrid,47,16,1,34334,18.9,27,1,87.8,0,49,0,1,1
950,Marketing,Associate,Full-time,Hybrid,23,18,23,126996,8.1,24,0,66.8,0,33,0,0,0
951,HR,Team Lead,Full-time,Hybrid,33,8,28,57268,23.5,18,0,59.4,0,51,0,0,1
952,Finance,Associate,Full-time,Remote,43,106,33,94636,1.9,10,0,84.3,0,18,1,1,0
953,Operations,Team Lead,Contract,Onsite,38,80,19,52068,24.0,18,0,76.9,0,23,0,0,0
954,Sales,Senior Associate,Full-time,Remote,28,119,17,58247,6.1,27,1,86.8,0,30,1,0,0
955,Sales,Team Lead,Full-time,Remote,25,75,13,95121,0.2,10,0,44.5,1,39,0,0,1
956,Marketing,Manager,Full-time,Onsite,53,70,17,118670,10.8,13,1,59.1,0,5,0,0,0
957,HR,Team Lead,Full-time,Hybrid,32,1,1,46285,9.0,14,1,59.2,1,19,0,1,0
958,HR,Associate,Contract,Remote,22,62,0,130539,13.5,24,0,59.8,0,38,0,1,0
959,Engineering,Associate,Full-time,Onsite,46,76,19,116903,19.9,6,1,70.1,1,56,1,0,1
960,Operations,Team Lead,Contract,Hybrid,45,38,33,54136,21.1,14,0,57.0,1,44,0,0,1
961,Finance,Manager,Full-time,Hybrid,38,92,10,90378,10.0,29,0,66.7,0,33,1,1,0
962,Sales,Senior Associate,Full-time,Remote,29,45,26,67787,10.7,26,0,62.1,0,21,0,1,0
963,Engineering,Manager,Full-time,Hybrid,48,58,22,54425,3.7,23,0,84.1,0,6,0,0,0
964,Engineering,Senior Associate,Full-time,Hybrid,39,81,2,125001,1.2,22,0,76.2,0,32,0,1,1
965,Marketing,Associate,Contract,Onsite,48,1,11,48961,16.0,24,1,79.2,1,5,1,0,1
966,Sales,Manager,Full-time,Onsite,43,32,29,63443,1.6,7,0,52.6,0,15,1,0,1
967,Marketing,Senior Associate,Full-time,Hybrid,37,8,30,48823,18.3,29,0,59.5,0,7,1,0,0
968,Finance,Team Lead,Full-time,Onsite,23,118,22,105409,13.5,3,0,41.3,0,44,1,1,1
969,Engineering,Associate,Full-time,Hybrid,26,40,0,101123,5.0,17,0,46.5,1,22,1,2,0
970,Engineering,Team Lead,Full-time,Remote,39,56,19,134249,13.5,13,0,55.9,0,17,1,0,0
971,Operations,Associate,Full-time,Onsite,24,63,5,55852,4.6,28,0,43.9,1,13,0,2,0
972,Finance,Manager,Full-time,Hybrid,48,107,10,67535,11.0,26,0,76.2,0,49,0,2,0
973,Engineering,Manager,Full-time,Hybrid,38,110,34,37004,20.0,20,0,99.9,0,35,0,1,0
974,Finance,Associate,Contract,Onsite,37,88,3,136032,11.5,17,0,46.0,0,14,0,1,0
975,Sales,Associate,Full-time,Onsite,27,74,28,57823,3.7,3,1,89.3,0,4,1,0,0
976,HR,Associate,Full-time,Remote,28,111,9,134913,18.1,29,0,47.1,1,52,0,1,0
977,Engineering,Manager,Full-time,Hybrid,35,103,28,84086,4.7,27,1,80.2,1,45,0,1,1
978,Operations,Senior Associate,Full-time,Remote,36,103,0,148336,18.5,1,0,78.6,0,47,0,0,0
979,Sales,Team Lead,Full-time,Remote,54,74,7,37131,12.0,20,0,94.2,0,14,1,0,0
980,Finance,Team Lead,Full-time,Remote,48,36,16,113232,11.3,5,0,46.8,0,10,0,1,0
981,Marketing,Manager,Full-time,Onsite,50,89,18,55649,21.3,10,0,58.9,0,1,0,1,0
982,Sales,Team Lead,Contract,Remote,26,114,32,34099,17.7,0,0,45.4,0,22,0,1,0
983,Engineering,Associate,Full-time,Onsite,50,57,14,80806,0.8,14,1,64.4,0,23,0,0,1
984,Finance,Senior Associate,Full-time,Onsite,53,74,30,61571,7.4,11,0,94.7,1,17,0,0,0
985,HR,Team Lead,Full-time,Remote,27,83,20,60580,21.8,23,1,86.9,1,3,0,0,0
986,Sales,Senior Associate,Full-time,Remote,23,110,2,144163,0.5,17,0,83.4,0,14,0,0,0
987,Engineering,Associate,Full-time,Hybrid,27,45,1,124200,13.6,29,0,72.0,1,11,0,1,1
988,Operations,Team Lead,Contract,Remote,25,79,34,111118,18.2,4,0,93.0,0,58,0,0,1
989,Marketing,Manager,Contract,Hybrid,50,80,15,56469,15.5,10,0,67.0,0,58,0,0,1
990,Finance,Senior Associate,Contract,Remote,46,2,20,95179,19.0,23,1,49.0,0,2,3,1,1
991,Sales,Associate,Contract,Remote,30,93,11,117938,18.1,20,1,90.3,1,31,0,0,0
992,Sales,Senior Associate,Full-time,Remote,24,68,27,145973,17.3,18,1,56.8,1,35,0,2,1
993,HR,Team Lead,Full-time,Remote,47,117,11,54236,20.5,21,0,43.2,1,20,0,1,0
994,HR,Team Lead,Full-time,Hybrid,48,50,32,55110,16.1,0,0,47.6,1,47,0,1,1
995,Operations,Manager,Full-time,Hybrid,57,29,19,53430,10.1,16,1,76.5,0,5,1,1,0
996,Marketing,Associate,Full-time,Remote,53,95,20,74407,11.8,7,0,76.4,0,1,0,0,0
997,Operations,Associate,Full-time,Remote,22,81,35,67948,17.9,22,1,55.6,0,57,0,2,1
998,Engineering,Manager,Full-time,Hybrid,37,10,21,113299,21.9,15,0,83.6,1,53,0,2,0
999,Engineering,Manager,Full-time,Onsite,32,27,25,144496,6.8,25,1,86.4,1,8,0,0,0
1000,Operations,Associate,Full-time,Onsite,47,117,6,112565,8.6,25,1,95.2,0,11,0,0,0
1001,Marketing,Senior Associate,Full-time,Onsite,22,105,6,87367,23.3,10,1,75.1,1,43,1,0,0
1002,Operations,Senior Associate,Full-time,Hybrid,47,15,7,68180,14.5,26,0,86.8,0,58,0,1,1
1003,Marketing,Manager,Full-time,Hybrid,49,60,25,34652,4.5,18,0,85.2,0,23,0,0,0
1004,Marketing,Senior Associate,Full-time,Onsite,30,108,23,102370,16.6,23,0,55.5,0,13,0,0,0
1005,Finance,Associate,Full-time,Onsite,43,31,23,132755,24.8,10,1,58.6,1,48,0,1,1
1006,Marketing,Team Lead,Full-time,Remote,29,21,11,118023,20.6,14,1,68.7,0,40,0,0,1
1007,HR,Team Lead,Full-time,Hybrid,48,60,7,37084,18.6,7,0,41.1,1,11,0,0,0
1008,Marketing,Senior Associate,Full-time,Hybrid,40,58,8,75630,5.2,29,0,57.8,0,26,0,0,0
1009,Marketing,Manager,Full-time,Onsite,46,41,2,83276,21.9,13,0,68.4,0,9,0,0,0
1010,Marketing,Manager,Full-time,Onsite,42,46,20,110228,13.1,0,1,46.5,0,42,0,0,0
1011,Engineering,Manager,Full-time,Hybrid,45,45,30,145052,22.2,9,0,47.6,1,1,1,0,0
1012,HR,Manager,Full-time,Remote,45,26,23,32655,8.2,6,0,67.8,0,30,0,2,0
1013,HR,Manager,Full-time,Onsite,40,102,3,87752,1.6,17,0,83.9,1,27,1,1,1
1014,Operations,Senior Associate,Full-time,Hybrid,23,51,19,135737,11.9,11,0,90.0,0,15,0,1,0
1015,Finance,Team Lead,Full-time,Hybrid,35,36,15,129618,6.7,1,1,72.8,0,58,0,0,0
1016,Marketing,Team Lead,Full-time,Remote,53,52,9,77670,17.9,17,0,68.5,1,0,1,1,0
1017,Sales,Senior Associate,Full-time,Remote,53,81,25,35272,23.9,28,0,63.1,0,21,0,0,0
1018,Finance,Manager,Full-time,Onsite,49,51,28,30218,17.3,20,0,51.6,1,0,0,0,0
1019,Finance,Senior Associate,Full-time,Onsite,34,3,4,126428,22.2,6,0,48.8,0,30,0,1,1
1020,HR,Team Lead,Full-time,Onsite,33,14,10,67471,11.3,19,0,87.5,0,21,1,0,0
1021,Finance,Associate,Full-time,Hybrid,29,49,28,78762,19.3,26,0,67.9,1,33,1,2,0
1022,Marketing,Senior Associate,Full-time,Onsite,36,77,14,51515,21.1,11,0,87.4,1,11,0,0,0
1023,Marketing,Manager,Full-time,Hybrid,47,105,5,64307,17.8,19,0,82.2,0,58,0,1,0
1024,Engineering,Team Lead,Full-time,Onsite,33,91,14,148121,12.7,24,1,51.6,0,54,1,1,1
1025,Marketing,Team Lead,Full-time,Remote,48,1,19,108681,15.6,13,1,70.6,0,22,0,0,0
1026,Marketing,Team Lead,Full-time,Remote,39,57,33,47986,17.5,9,1,66.6,0,27,1,0,0
1027,HR,Team Lead,Full-time,Hybrid,57,17,1,114624,6.3,8,1,65.4,0,51,1,0,0
1028,Marketing,Manager,Full-time,Remote,48,112,15,100600,20.2,22,0,72.6,0,49,0,1,0
1029,Engineering,Associate,Contract,Hybrid,30,50,18,142092,23.8,29,0,98.9,1,11,0,0,0
1030,Sales,Team Lead,Full-time,Hybrid,22,98,33,148336,11.6,14,1,88.8,1,26,0,0,0
1031,HR,Senior Associate,Full-time,Remote,28,14,13,145793,17.5,25,0,94.2,0,22,1,0,0
1032,Sales,Associate,Full-time,Hybrid,47,118,23,84888,18.4,19,0,41.8,1,0,1,0,1
1033,HR,Team Lead,Full-time,Remote,28,119,27,117732,16.6,23,0,48.4,0,59,0,0,1
1034,Operations,Associate,Full-time,Onsite,28,59,31,41603,13.7,9,0,45.1,0,58,0,1,1
1035,Finance,Senior Associate,Full-time,Onsite,29,81,9,98024,22.0,18,0,55.8,1,42,1,0,0
1036,Operations,Team Lead,Full-time,Remote,37,3,8,120728,11.2,18,0,66.5,1,1,0,2,0
1037,Marketing,Senior Associate,Contract,Remote,24,98,23,58897,1.5,11,0,78.5,0,43,2,0,1
1038,Sales,Manager,Full-time,Remote,31,40,35,48802,21.1,22,1,70.0,1,30,0,0,0
1039,Marketing,Team Lead,Full-time,Remote,28,89,28,46411,16.8,28,0,94.2,0,1,0,1,0
1040,Finance,Team Lead,Contract,Onsite,42,66,28,90399,21.2,26,1,96.4,1,48,0,2,0
1041,HR,Team Lead,Full-time,Hybrid,52,34,22,125202,3.5,11,0,49.8,0,24,0,2,1
1042,Finance,Team Lead,Contract,Hybrid,44,90,26,136511,0.8,8,0,91.2,1,37,1,0,1
1043,Engineering,Manager,Full-time,Onsite,48,95,30,90692,23.4,28,0,68.9,0,47,0,0,0
1044,Finance,Team Lead,Full-time,Hybrid,43,9,6,87676,3.7,26,0,67.2,0,18,1,0,1
1045,Engineering,Associate,Full-time,Onsite,48,94,3,42770,20.2,19,0,87.1,0,27,0,0,0
1046,Finance,Team Lead,Full-time,Hybrid,25,84,13,103513,20.6,3,0,45.6,0,5,2,3,0
1047,Engineering,Manager,Contract,Remote,45,21,9,67429,17.7,0,1,92.9,1,38,0,0,1
1048,Sales,Team Lead,Full-time,Remote,44,93,33,127567,3.3,15,1,80.3,1,18,0,1,1
1049,Marketing,Associate,Full-time,Remote,40,25,25,89429,16.7,0,0,92.5,1,51,0,0,1
1050,Marketing,Manager,Full-time,Onsite,24,102,22,100085,22.2,12,0,99.7,0,57,0,1,0
1051,Operations,Manager,Full-time,Onsite,48,44,8,50337,10.6,29,0,71.1,1,16,0,0,0
1052,Marketing,Associate,Full-time,Hybrid,24,25,7,122901,10.3,2,0,45.6,0,5,1,0,0
1053,HR,Associate,Full-time,Hybrid,49,9,13,116181,11.1,11,0,50.0,0,14,1,1,1
1054,Finance,Associate,Full-time,Hybrid,38,103,6,143333,2.1,28,1,59.4,1,21,0,0,1
1055,Operations,Associate,Full-time,Onsite,52,62,6,54507,22.3,22,0,46.2,0,40,1,1,0
1056,HR,Associate,Full-time,Hybrid,31,108,8,89596,21.7,28,1,88.9,1,33,3,0,0
1057,HR,Manager,Full-time,Remote,43,26,2,100509,24.9,8,0,57.8,1,4,0,1,1
1058,Engineering,Manager,Full-time,Hybrid,51,57,13,38436,14.6,3,1,98.6,0,52,0,0,0
1059,Marketing,Team Lead,Full-time,Remote,42,37,16,40086,18.8,1,0,82.2,0,22,0,1,0
1060,Sales,Team Lead,Full-time,Onsite,57,16,21,113276,5.1,21,1,50.4,0,4,0,1,0
1061,Sales,Senior Associate,Full-time,Remote,44,37,25,121054,16.7,21,1,68.6,1,43,1,0,1
1062,Operations,Team Lead,Full-time,Remote,33,76,27,49851,16.2,8,0,68.0,0,9,1,0,1
1063,Sales,Team Lead,Full-time,Remote,46,24,13,69732,22.5,19,0,69.6,0,3,0,0,0
1064,Finance,Associate,Full-time,Onsite,41,26,8,44842,20.8,23,1,72.1,0,11,1,0,1
1065,Sales,Associate,Full-time,Onsite,28,20,25,125490,23.5,12,1,41.9,0,46,0,0,1
1066,Operations,Team Lead,Full-time,Onsite,50,9,1,31745,21.7,13,0,81.2,1,9,0,0,0
1067,Sales,Senior Associate,Full-time,Onsite,50,87,10,42697,21.7,28,0,69.2,0,59,3,1,1
1068,Finance,Associate,Full-time,Hybrid,34,103,16,122469,1.6,2,0,87.5,1,29,1,0,0
1069,Engineering,Team Lead,Full-time,Onsite,24,29,33,33879,21.1,17,0,88.9,0,49,0,1,0
1070,Operations,Team Lead,Contract,Remote,23,31,18,115697,15.2,8,0,53.8,0,23,0,2,0
1071,Engineering,Manager,Full-time,Onsite,37,19,17,48499,9.5,14,0,42.9,0,4,0,0,0
1072,Engineering,Senior Associate,Full-time,Hybrid,51,20,12,118177,1.4,21,0,82.2,1,12,1,2,1
1073,Engineering,Manager,Contract,Hybrid,27,87,4,65035,16.9,26,1,98.7,0,35,0,1,0
1074,HR,Senior Associate,Full-time,Hybrid,28,107,22,48651,8.2,23,1,66.8,0,8,0,1,0
1075,Marketing,Associate,Full-time,Remote,26,27,23,105224,11.7,26,0,55.6,0,17,0,1,0
1076,HR,Senior Associate,Full-time,Onsite,28,94,28,143369,17.0,9,1,49.4,0,34,1,0,1
1077,Marketing,Team Lead,Full-time,Onsite,55,85,7,106524,22.8,24,0,57.2,0,30,1,1,0
1078,Engineering,Team Lead,Contract,Onsite,53,44,25,119006,20.6,16,0,59.7,1,23,1,2,0
1079,Operations,Senior Associate,Contract,Remote,34,35,14,67249,11.3,12,1,65.4,0,42,0,0,1
1080,Marketing,Senior Associate,Full-time,Remote,51,113,0,53849,9.7,0,0,79.3,0,3,1,0,0
1081,Finance,Senior Associate,Full-time,Hybrid,46,71,27,129233,6.0,10,0,56.4,1,40,0,0,1
1082,Finance,Manager,Contract,Hybrid,42,22,13,103309,9.3,4,0,43.1,0,25,0,0,0
1083,Sales,Senior Associate,Full-time,Onsite,42,74,33,131628,2.8,8,0,62.4,0,43,0,1,0
1084,Marketing,Associate,Full-time,Remote,49,87,30,59076,24.3,6,1,91.3,0,57,1,0,1
1085,Operations,Manager,Contract,Remote,41,15,5,100123,14.3,6,1,69.9,0,41,0,0,1
1086,HR,Manager,Full-time,Onsite,55,94,4,63124,3.2,1,1,97.9,0,9,0,0,1
1087,Engineering,Senior Associate,Full-time,Onsite,26,98,30,45787,8.8,18,1,70.2,0,40,0,0,0
1088,Sales,Associate,Full-time,Hybrid,39,13,14,83462,13.7,19,1,56.6,0,41,0,0,1
1089,Finance,Manager,Contract,Hybrid,32,4,14,115984,13.3,17,1,51.6,0,8,1,0,1
1090,HR,Team Lead,Full-time,Hybrid,38,82,4,101035,0.9,9,0,81.7,0,0,1,0,0
1091,HR,Manager,Full-time,Onsite,43,56,27,33841,23.8,24,1,72.2,1,53,1,1,1
1092,Engineering,Senior Associate,Full-time,Onsite,41,23,32,74890,6.9,4,0,76.2,1,15,0,1,0
1093,Marketing,Associate,Full-time,Hybrid,27,97,10,55402,0.4,15,1,85.3,1,57,1,0,0
1094,Finance,Senior Associate,Full-time,Hybrid,55,98,5,141713,1.9,28,0,83.6,0,45,0,1,0
1095,Operations,Team Lead,Full-time,Remote,35,34,22,118591,14.5,22,1,42.6,0,12,0,0,1
1096,HR,Team Lead,Full-time,Remote,44,100,1,135363,3.4,26,1,88.2,1,37,1,0,0
1097,Engineering,Team Lead,Full-time,Hybrid,41,99,14,96201,1.0,24,1,72.0,0,13,0,1,0
1098,Operations,Senior Associate,Contract,Hybrid,34,17,22,127807,9.5,4,1,63.5,0,39,1,0,1
1099,Marketing,Manager,Full-time,Remote,53,28,21,53237,15.6,14,0,72.3,0,22,0,0,0
1100,Finance,Senior Associate,Contract,Hybrid,47,14,8,72988,2.8,21,0,76.7,0,54,1,0,1
1101,Marketing,Associate,Full-time,Remote,35,34,29,123803,7.8,15,0,49.0,1,17,0,2,1
1102,HR,Manager,Full-time,Remote,57,112,15,106310,10.4,3,0,65.0,1,27,1,0,0
1103,Operations,Team Lead,Full-time,Remote,29,75,29,30553,4.0,13,0,60.1,1,58,0,2,1
1104,Operations,Senior Associate,Full-time,Onsite,43,57,8,43860,12.7,23,0,61.0,1,19,0,0,0
1105,Operations,Team Lead,Contract,Onsite,43,77,0,120439,2.1,16,0,45.5,0,0,1,0,0
1106,HR,Team Lead,Full-time,Hybrid,37,97,7,37045,1.2,16,1,49.6,1,11,0,1,0
1107,HR,Associate,Full-time,Remote,48,55,17,104916,13.0,20,1,49.7,0,26,0,1,1
1108,Marketing,Manager,Full-time,Onsite,31,66,26,86435,6.2,15,0,62.4,1,42,0,0,0
1109,Sales,Associate,Full-time,Hybrid,46,98,17,128453,2.4,25,0,93.7,0,12,0,1,0
1110,Marketing,Associate,Full-time,Hybrid,52,117,31,62261,10.6,8,0,52.4,1,54,0,4,1
1111,Finance,Associate,Full-time,Hybrid,42,93,31,144677,22.9,1,0,65.0,1,3,0,1,0
1112,Engineering,Team Lead,Full-time,Hybrid,48,37,35,108879,18.1,10,0,58.7,0,24,0,0,0
1113,Operations,Associate,Full-time,Hybrid,38,68,35,32853,20.4,14,0,87.2,0,5,0,0,0
1114,Sales,Associate,Full-time,Remote,54,76,20,105664,21.8,2,0,43.0,0,53,0,1,1
1115,Engineering,Manager,Full-time,Hybrid,52,26,31,140884,24.3,23,0,51.8,0,56,0,1,0
1116,Sales,Manager,Full-time,Remote,47,61,30,78022,19.1,15,0,52.6,0,44,0,0,0
1117,Marketing,Associate,Full-time,Onsite,42,92,15,32736,15.2,20,0,99.6,1,55,0,0,1
1118,HR,Manager,Full-time,Hybrid,57,67,13,63724,9.1,18,1,74.2,0,21,1,2,1
1119,Operations,Manager,Full-time,Onsite,22,84,23,41440,4.5,21,1,48.3,0,44,0,1,1
1120,Marketing,Associate,Full-time,Remote,25,74,24,100716,17.2,5,0,56.3,1,37,1,1,1
1121,Engineering,Team Lead,Full-time,Remote,25,52,34,60284,24.9,13,0,50.1,0,53,0,0,1
1122,Engineering,Associate,Contract,Onsite,47,18,16,136911,11.7,4,0,47.5,0,35,1,0,1
1123,Engineering,Manager,Full-time,Hybrid,25,53,3,41646,18.1,4,0,87.8,1,52,2,0,1
1124,Engineering,Team Lead,Full-time,Hybrid,30,63,10,114565,12.4,5,0,69.7,1,2,1,0,1
1125,Engineering,Senior Associate,Contract,Onsite,51,53,14,115694,10.8,17,0,77.9,0,56,0,0,0
1126,Sales,Team Lead,Full-time,Onsite,25,117,29,44342,10.3,21,0,59.9,0,14,0,0,0
1127,Marketing,Manager,Full-time,Onsite,26,27,23,133317,12.6,17,0,73.2,0,10,0,1,0
1128,Operations,Team Lead,Contract,Hybrid,44,31,1,95620,9.2,18,1,55.5,0,33,0,1,1
1129,HR,Associate,Full-time,Hybrid,37,91,33,94261,18.7,1,0,58.5,0,26,0,3,0
1130,HR,Senior Associate,Full-time,Hybrid,43,106,22,31935,21.9,16,0,79.1,1,22,1,1,0
1131,Marketing,Senior Associate,Full-time,Onsite,29,1,30,126002,22.1,27,0,49.0,1,16,0,1,1
1132,Marketing,Senior Associate,Full-time,Hybrid,54,6,12,72376,5.7,0,0,77.0,0,57,0,1,0
1133,HR,Manager,Full-time,Remote,37,11,32,104798,22.4,8,1,91.1,0,59,0,0,1
1134,HR,Manager,Full-time,Onsite,26,34,6,107140,8.5,12,0,47.2,0,22,0,2,0
1135,Sales,Senior Associate,Full-time,Hybrid,37,103,31,72481,7.7,3,0,93.8,0,33,1,1,0
1136,Finance,Team Lead,Full-time,Onsite,28,84,6,118669,18.2,4,0,44.8,0,20,0,2,0
1137,Operations,Senior Associate,Contract,Remote,22,63,12,146189,7.6,25,0,60.9,1,32,0,0,1
1138,Engineering,Team Lead,Full-time,Remote,30,53,23,124203,1.3,29,0,76.6,0,4,0,0,0
1139,Finance,Team Lead,Contract,Onsite,39,85,27,85721,9.3,22,0,73.6,0,58,0,0,1
1140,Marketing,Manager,Contract,Onsite,24,85,31,130777,18.0,17,1,45.8,0,51,0,1,0
1141,HR,Team Lead,Full-time,Remote,45,18,17,129039,8.2,27,0,87.9,0,16,1,1,0
1142,Finance,Senior Associate,Full-time,Onsite,49,21,33,32838,15.7,26,0,98.4,0,59,1,0,0
1143,Operations,Manager,Full-time,Remote,31,19,33,65330,16.5,9,0,50.9,0,0,0,0,0
1144,Marketing,Associate,Contract,Remote,30,4,0,108976,18.3,24,1,93.7,0,6,2,1,0
1145,Engineering,Associate,Full-time,Hybrid,34,77,30,132210,22.4,27,1,73.4,0,2,0,1,0
1146,Engineering,Manager,Full-time,Onsite,56,82,0,129576,10.8,3,1,96.2,1,25,0,1,0
1147,Operations,Senior Associate,Full-time,Onsite,44,116,15,133140,4.2,25,1,50.6,0,15,0,1,0
1148,Operations,Associate,Full-time,Hybrid,38,29,14,130166,8.0,25,1,87.5,0,15,0,1,1
1149,HR,Associate,Full-time,Remote,28,25,32,66994,10.8,12,0,43.6,0,43,0,0,0
1150,Engineering,Team Lead,Full-time,Onsite,37,56,22,121875,17.8,12,1,93.0,0,40,0,0,0
1151,Marketing,Team Lead,Full-time,Hybrid,57,77,33,60384,0.3,16,1,80.4,0,56,1,1,1
1152,Finance,Senior Associate,Full-time,Hybrid,41,63,16,75378,7.9,7,0,62.2,0,13,0,1,0
1153,Marketing,Manager,Contract,Onsite,45,27,24,137318,19.5,3,0,51.4,0,43,0,0,0
1154,Sales,Senior Associate,Full-time,Hybrid,26,60,5,62643,16.8,22,1,89.0,1,25,0,1,0
1155,Sales,Manager,Contract,Remote,27,83,30,46926,18.3,2,1,76.2,0,26,0,2,0
1156,Operations,Associate,Full-time,Hybrid,49,49,4,68977,20.3,10,1,61.6,1,56,1,1,0
1157,HR,Team Lead,Full-time,Remote,26,65,29,147453,19.6,11,1,66.6,1,47,0,1,0
1158,Sales,Senior Associate,Full-time,Remote,23,38,4,53652,17.1,8,1,89.6,0,16,0,0,0
1159,Engineering,Senior Associate,Full-time,Onsite,42,83,11,93295,11.0,14,0,60.3,0,43,0,1,0
1160,Marketing,Manager,Contract,Hybrid,39,52,6,40270,24.6,12,0,45.4,0,3,0,1,0
1161,Marketing,Manager,Full-time,Remote,33,1,12,112804,14.2,4,0,94.7,0,16,0,0,1
1162,Operations,Senior Associate,Contract,Remote,38,40,3,91630,5.1,4,0,63.2,0,32,0,0,0
1163,Finance,Manager,Full-time,Hybrid,36,81,2,66417,7.3,18,0,60.9,0,29,0,0,0
1164,Operations,Senior Associate,Full-time,Remote,28,21,11,76894,17.3,10,0,52.3,1,56,0,1,1
1165,Finance,Senior Associate,Full-time,Hybrid,35,86,0,86042,23.1,8,0,93.8,0,20,0,0,0
1166,Operations,Senior Associate,Full-time,Onsite,22,15,26,93253,4.5,2,1,53.1,0,16,1,0,1
1167,Operations,Associate,Full-time,Remote,24,50,12,78841,2.1,17,0,78.2,0,10,0,0,0
1168,Operations,Manager,Contract,Remote,52,103,16,82723,22.0,26,1,92.8,0,50,1,0,0
1169,Finance,Team Lead,Full-time,Hybrid,34,48,7,50317,22.9,12,1,42.1,1,54,0,2,1
1170,Finance,Team Lead,Full-time,Hybrid,39,103,31,85008,6.9,24,0,89.7,0,29,0,2,0
1171,Operations,Manager,Full-time,Hybrid,38,32,19,66434,9.4,27,0,64.6,0,17,0,0,0
1172,Sales,Senior Associate,Full-time,Hybrid,38,49,16,76125,16.5,11,1,79.5,1,19,0,2,1
1173,HR,Team Lead,Full-time,Remote,32,68,33,110984,8.2,8,1,62.3,1,33,0,2,1
1174,HR,Team Lead,Full-time,Onsite,41,108,34,105449,21.9,9,0,81.7,1,40,1,0,0
1175,HR,Manager,Full-time,Onsite,31,45,34,104102,2.7,27,0,55.3,1,27,1,2,1
1176,Finance,Team Lead,Full-time,Onsite,50,32,23,127980,0.9,12,0,41.3,0,8,1,2,0
1177,Finance,Senior Associate,Full-time,Onsite,55,4,17,111141,5.2,19,0,96.9,0,43,0,1,0
1178,Sales,Manager,Full-time,Hybrid,38,117,32,30557,7.2,19,0,41.0,0,30,1,2,1
1179,HR,Senior Associate,Full-time,Remote,34,65,22,137776,2.8,12,0,89.4,0,44,0,0,1
1180,HR,Team Lead,Full-time,Remote,48,97,24,74383,1.6,26,0,50.1,0,15,1,2,0
1181,Operations,Team Lead,Full-time,Remote,47,71,26,36040,18.9,25,1,63.5,1,30,0,1,0
1182,Finance,Senior Associate,Full-time,Hybrid,49,73,0,76652,4.1,28,0,89.3,0,28,0,0,0
1183,HR,Associate,Full-time,Remote,34,65,20,129432,22.8,28,1,52.4,1,12,1,2,1
1184,Marketing,Team Lead,Full-time,Hybrid,33,80,9,146048,9.2,21,1,91.9,0,22,0,0,0
1185,Sales,Associate,Full-time,Remote,49,18,30,90941,16.8,8,1,69.9,1,13,0,0,0
1186,Marketing,Team Lead,Full-time,Onsite,23,54,24,117340,5.6,23,0,62.0,0,38,1,1,0
1187,Marketing,Associate,Full-time,Hybrid,55,47,19,104828,6.0,9,0,79.7,1,1,0,0,1
1188,Sales,Associate,Full-time,Remote,44,6,1,56110,14.4,18,1,60.5,0,11,0,1,0
1189,Marketing,Associate,Full-time,Onsite,50,66,14,35349,14.0,5,1,60.8,0,57,0,0,1
1190,HR,Senior Associate,Full-time,Onsite,56,9,27,60374,19.2,28,0,84.0,0,27,0,0,0
1191,Finance,Associate,Contract,Onsite,32,68,12,114545,18.9,6,0,58.6,1,31,0,2,0
1192,Sales,Associate,Full-time,Hybrid,54,109,13,140623,16.8,14,1,52.0,0,55,0,1,1
1193,Operations,Associate,Full-time,Hybrid,32,23,1,72591,11.2,21,0,88.5,0,48,1,1,0
1194,Marketing,Team Lead,Full-time,Remote,30,118,33,30057,22.3,18,0,88.3,0,23,0,1,0
1195,Sales,Associate,Contract,Onsite,35,107,34,104039,15.6,13,1,69.9,0,36,0,0,0
1196,Engineering,Team Lead,Full-time,Remote,30,109,24,123829,24.8,29,0,71.6,1,28,0,1,0
1197,Engineering,Associate,Contract,Remote,24,43,14,94578,20.5,15,0,81.8,1,51,0,1,0
1198,Finance,Associate,Full-time,Onsite,50,51,11,138497,1.1,13,1,70.6,1,41,0,0,0
1199,HR,Senior Associate,Full-time,Remote,40,72,8,49121,8.0,28,0,65.0,0,17,0,0,0
1200,Finance,Team Lead,Full-time,Hybrid,57,103,30,35493,14.3,28,0,99.7,0,2,0,0,0
1201,Finance,Associate,Full-time,Remote,53,25,13,132181,18.0,24,0,48.9,1,12,0,0,0
1202,Finance,Team Lead,Contract,Onsite,28,80,28,97818,13.8,19,0,75.6,1,12,0,1,0
1203,Finance,Team Lead,Full-time,Hybrid,49,35,7,118706,19.7,1,1,93.2,1,41,0,1,0
1204,Operations,Manager,Full-time,Hybrid,39,17,2,139679,7.1,8,0,81.2,1,28,0,0,1
1205,Operations,Senior Associate,Full-time,Remote,26,18,1,31431,4.6,2,0,92.9,0,1,0,0,0
1206,Sales,Senior Associate,Full-time,Remote,44,27,15,90469,1.3,5,0,60.2,0,58,1,1,1
1207,Engineering,Senior Associate,Full-time,Hybrid,43,15,18,92241,14.3,4,0,56.3,1,27,0,0,0
1208,Finance,Manager,Full-time,Remote,47,81,29,75294,17.2,13,0,91.1,1,47,1,0,1
1209,Sales,Manager,Contract,Onsite,33,107,15,130079,8.2,28,0,63.6,1,3,0,0,0
1210,Engineering,Senior Associate,Full-time,Remote,40,69,30,116127,15.3,14,0,82.6,0,50,0,0,0
1211,Marketing,Manager,Full-time,Remote,22,80,27,41351,1.3,17,0,48.9,0,4,1,0,1
1212,HR,Manager,Full-time,Hybrid,24,15,3,62483,2.5,16,0,85.4,0,38,1,0,1
1213,Operations,Manager,Full-time,Remote,48,42,9,61195,17.5,8,1,72.9,0,40,0,0,1
1214,Marketing,Senior Associate,Full-time,Remote,39,110,17,142943,9.2,18,0,56.1,0,4,1,2,0
1215,Engineering,Senior Associate,Contract,Remote,51,34,31,132689,16.8,22,0,69.7,1,7,1,0,0
1216,Marketing,Senior Associate,Full-time,Onsite,23,48,29,52735,20.8,24,0,81.8,0,33,0,0,1
1217,HR,Manager,Full-time,Remote,26,83,35,45203,21.3,8,1,40.7,0,53,0,1,1
1218,Engineering,Senior Associate,Full-time,Onsite,50,8,8,33974,4.3,27,0,78.2,0,55,1,0,0
1219,Marketing,Manager,Contract,Onsite,54,111,35,134209,12.2,15,1,72.5,1,24,1,5,1
1220,Operations,Associate,Full-time,Onsite,41,10,28,149365,18.3,25,0,53.2,0,26,0,0,0
1221,Operations,Manager,Full-time,Onsite,51,5,15,132769,19.3,5,1,85.2,1,51,0,2,0
1222,Sales,Team Lead,Full-time,Hybrid,26,116,27,115222,19.6,7,0,58.2,0,51,1,0,0
1223,Marketing,Senior Associate,Full-time,Onsite,42,48,20,69713,5.7,24,1,56.6,0,6,1,0,0
1224,Finance,Senior Associate,Full-time,Remote,36,117,1,139362,4.8,2,1,68.3,1,35,0,1,0
1225,Marketing,Team Lead,Full-time,Onsite,41,26,34,42636,14.8,21,0,80.6,0,31,1,0,1
1226,Engineering,Manager,Full-time,Remote,29,86,27,65070,18.5,4,0,95.7,0,20,1,0,0
1227,Engineering,Associate,Full-time,Onsite,52,108,35,59123,8.0,6,0,48.5,0,46,0,2,0
1228,Marketing,Team Lead,Full-time,Hybrid,33,23,30,61812,2.6,22,0,63.8,1,17,1,0,1
1229,HR,Team Lead,Full-time,Onsite,42,62,32,58760,17.9,24,1,44.0,0,1,1,0,0
1230,Operations,Manager,Full-time,Onsite,51,13,22,34966,7.5,0,0,85.5,0,58,2,0,1
1231,Engineering,Senior Associate,Full-time,Hybrid,48,9,16,141751,4.2,21,0,66.9,1,45,0,1,1
1232,Operations,Manager,Full-time,Onsite,47,113,0,148414,3.7,20,0,82.4,0,41,0,0,0
1233,Engineering,Team Lead,Full-time,Remote,54,20,22,113962,7.9,3,0,59.3,0,4,1,1,0
1234,Sales,Team Lead,Full-time,Onsite,47,92,26,109698,14.8,25,1,90.7,0,43,0,1,1
1235,Finance,Senior Associate,Full-time,Onsite,47,108,24,46058,9.0,27,1,72.1,0,41,0,0,1
1236,Engineering,Senior Associate,Full-time,Onsite,57,57,31,71482,0.5,15,0,96.6,0,57,0,0,0
1237,Operations,Senior Associate,Contract,Hybrid,22,101,18,139203,2.4,26,1,44.7,1,49,1,0,1
1238,Sales,Manager,Full-time,Onsite,36,24,23,32998,7.3,13,1,70.9,1,59,1,0,0
1239,Engineering,Senior Associate,Contract,Onsite,22,108,2,91265,16.5,0,0,86.0,0,37,1,0,0
1240,HR,Team Lead,Full-time,Remote,32,33,11,96445,2.5,3,1,76.0,1,27,0,1,0
1241,Finance,Team Lead,Full-time,Onsite,23,20,34,141033,14.0,9,0,41.4,0,30,0,0,0
1242,Engineering,Associate,Full-time,Onsite,22,60,14,148821,3.0,10,0,98.3,0,53,0,1,0
1243,Sales,Manager,Full-time,Onsite,52,48,16,64648,5.3,6,0,57.9,1,43,0,1,1
1244,HR,Associate,Full-time,Onsite,37,64,31,90623,4.3,3,1,55.0,0,23,0,0,0
1245,Marketing,Team Lead,Full-time,Remote,43,30,6,108033,1.7,0,0,69.1,0,59,0,0,0
1246,Sales,Associate,Contract,Remote,39,108,18,114480,16.8,25,0,72.5,0,32,0,0,0
1247,Sales,Team Lead,Full-time,Hybrid,38,73,6,37527,11.6,0,0,86.0,0,38,0,1,0
1248,HR,Associate,Full-time,Onsite,51,109,4,134000,20.8,16,0,63.6,0,11,0,1,0
1249,Sales,Senior Associate,Full-time,Hybrid,31,113,20,33072,2.5,26,1,66.4,1,38,2,0,1
1250,HR,Associate,Full-time,Hybrid,56,17,6,42018,3.6,9,0,72.1,1,8,0,1,1
1251,Engineering,Senior Associate,Full-time,Onsite,42,100,22,59652,7.7,4,0,63.7,0,51,0,2,1
1252,HR,Senior Associate,Full-time,Remote,37,14,10,34476,19.1,6,0,94.9,0,14,0,0,0
1253,HR,Manager,Contract,Remote,27,19,9,139371,7.6,24,0,91.1,0,22,1,0,0
1254,Finance,Senior Associate,Full-time,Onsite,24,71,20,125768,10.2,7,0,67.3,0,43,0,0,0
1255,HR,Senior Associate,Full-time,Onsite,42,59,32,57482,7.5,1,0,40.0,0,44,0,0,0
1256,HR,Associate,Full-time,Remote,34,67,19,132793,2.0,8,0,94.1,0,21,1,1,1
1257,Marketing,Team Lead,Full-time,Onsite,39,97,32,92513,23.5,3,0,47.5,0,35,2,0,0
1258,Engineering,Manager,Full-time,Onsite,45,44,34,116411,13.7,11,0,54.7,0,9,0,0,0
1259,Finance,Senior Associate,Full-time,Onsite,48,32,33,46219,19.7,25,0,49.1,1,27,0,0,0
1260,Marketing,Manager,Full-time,Remote,25,111,35,60448,16.5,10,1,50.8,0,55,0,0,0
1261,Operations,Associate,Full-time,Hybrid,43,11,26,109903,12.9,4,0,88.2,1,34,0,0,1
1262,Engineering,Senior Associate,Full-time,Hybrid,45,106,18,55120,2.2,11,1,74.8,1,55,0,0,1
1263,Engineering,Associate,Contract,Onsite,31,2,4,36855,16.1,26,0,97.4,1,28,0,0,0
1264,Operations,Manager,Full-time,Remote,23,90,28,86553,3.9,20,0,53.9,1,4,0,2,1
1265,HR,Associate,Full-time,Onsite,27,68,9,98633,10.4,3,0,69.1,0,3,2,1,0
1266,Marketing,Manager,Full-time,Remote,39,17,12,74585,15.7,12,0,98.6,0,50,0,1,1
1267,Sales,Associate,Full-time,Onsite,38,81,28,115425,19.6,21,0,89.6,0,14,0,3,1
1268,Finance,Manager,Full-time,Remote,44,92,4,31084,17.1,0,1,83.7,1,29,2,1,1
1269,Sales,Team Lead,Full-time,Remote,51,94,11,128856,16.8,17,0,51.3,0,59,0,1,0
1270,Operations,Associate,Full-time,Hybrid,42,40,12,51944,3.7,3,0,86.2,0,25,0,0,0
1271,Engineering,Associate,Full-time,Onsite,31,87,21,63921,8.7,3,0,60.9,1,22,0,0,0
1272,Engineering,Team Lead,Full-time,Hybrid,34,46,14,91282,1.1,7,1,71.8,0,38,1,1,1
1273,Finance,Team Lead,Full-time,Hybrid,33,88,12,117393,18.0,24,1,76.5,0,28,1,1,1
1274,Engineering,Associate,Contract,Remote,30,93,0,81397,23.8,27,0,76.6,0,21,1,0,0
1275,Engineering,Team Lead,Contract,Onsite,25,4,0,48070,6.6,19,0,83.6,1,34,0,0,0
1276,Finance,Senior Associate,Full-time,Remote,45,38,10,84987,2.2,5,0,79.7,1,56,1,2,1
1277,Marketing,Manager,Full-time,Remote,55,63,21,145381,11.9,3,1,44.1,1,58,1,0,1
1278,Marketing,Manager,Full-time,Remote,26,29,34,86690,21.4,3,1,67.4,1,47,1,0,1
1279,Finance,Manager,Contract,Onsite,36,19,5,120011,13.8,27,1,79.8,0,46,1,0,1
1280,Operations,Senior Associate,Full-time,Onsite,25,91,27,91134,1.2,10,0,57.8,1,17,0,0,1
1281,Engineering,Team Lead,Contract,Remote,29,29,30,117755,24.4,27,0,58.8,0,34,0,3,1
1282,Engineering,Team Lead,Full-time,Onsite,45,100,7,136993,20.7,8,1,47.5,1,45,1,0,0
1283,Operations,Associate,Full-time,Remote,49,35,4,89439,3.3,13,1,65.1,0,32,0,1,0
1284,Marketing,Team Lead,Full-time,Onsite,48,116,16,61489,23.0,3,1,99.2,0,6,1,0,0
1285,HR,Associate,Contract,Onsite,22,70,8,53178,11.3,12,0,57.1,1,33,0,1,0
1286,HR,Senior Associate,Contract,Hybrid,55,23,9,109019,9.3,5,0,71.9,0,9,1,1,0
1287,HR,Manager,Full-time,Remote,38,103,19,87956,11.5,29,0,84.6,0,23,0,1,0
1288,Marketing,Manager,Full-time,Hybrid,47,46,13,77802,20.9,12,1,40.8,1,24,0,1,0
1289,Marketing,Manager,Full-time,Hybrid,45,44,13,140463,16.5,24,0,94.0,0,47,1,0,0
1290,Operations,Team Lead,Full-time,Remote,42,48,25,92778,1.5,2,0,63.2,0,43,1,0,0
1291,Engineering,Associate,Full-time,Remote,51,52,28,87719,23.9,22,0,92.1,0,26,2,0,0
1292,Operations,Associate,Full-time,Onsite,34,8,26,63573,3.7,6,0,42.3,0,49,1,1,1
1293,Operations,Senior Associate,Full-time,Remote,24,55,24,63688,18.6,0,0,48.7,1,5,0,1,0
1294,Marketing,Team Lead,Full-time,Hybrid,53,66,15,141466,15.9,10,0,59.4,0,58,0,0,0
1295,HR,Senior Associate,Full-time,Hybrid,56,77,35,148292,4.7,1,0,60.7,0,48,0,1,1
1296,Sales,Associate,Full-time,Remote,40,40,33,127065,4.3,4,1,90.9,0,7,1,1,0
1297,Engineering,Associate,Full-time,Hybrid,35,85,15,129747,21.8,23,1,40.7,0,20,0,1,0
1298,Marketing,Manager,Full-time,Onsite,43,31,32,135352,10.5,21,0,78.5,0,40,1,1,0
1299,HR,Team Lead,Full-time,Hybrid,38,116,2,76475,16.4,29,1,47.9,0,18,1,1,0
1300,Sales,Associate,Full-time,Onsite,25,48,22,80697,12.6,13,0,89.4,1,33,0,0,1
1301,Sales,Manager,Full-time,Hybrid,40,100,10,63978,18.2,28,1,86.7,1,38,0,0,0
1302,Marketing,Team Lead,Full-time,Onsite,23,61,17,59677,12.0,12,1,70.0,1,42,0,2,1
1303,Finance,Senior Associate,Full-time,Onsite,36,112,28,111540,7.2,15,0,52.8,0,22,0,1,0
1304,Engineering,Team Lead,Full-time,Remote,23,52,4,40272,9.1,22,0,78.1,0,12,0,0,0
1305,Sales,Team Lead,Full-time,Onsite,32,38,23,36212,21.5,14,0,49.4,0,41,0,2,1
1306,Marketing,Associate,Contract,Remote,44,91,28,51071,11.7,2,1,51.4,0,46,0,0,0
1307,Marketing,Associate,Contract,Hybrid,31,36,28,149998,5.3,5,0,77.6,1,52,0,0,1
1308,HR,Team Lead,Full-time,Hybrid,24,112,25,138644,23.4,8,0,99.5,0,38,0,2,0
1309,Finance,Associate,Full-time,Hybrid,26,87,2,105236,19.9,2,0,93.5,0,27,1,0,0
1310,Engineering,Associate,Full-time,Onsite,24,55,1,125516,1.4,29,1,75.6,0,5,1,0,0
1311,Operations,Associate,Contract,Hybrid,34,85,24,47297,25.0,12,1,72.3,0,56,2,0,0
1312,HR,Manager,Full-time,Hybrid,40,13,18,81932,17.4,28,0,99.9,0,11,0,1,0
1313,Sales,Manager,Full-time,Remote,56,37,1,136885,4.0,12,1,72.8,0,2,0,0,0
1314,Sales,Team Lead,Full-time,Remote,45,47,18,86884,5.9,21,1,65.2,0,47,1,2,1
1315,HR,Associate,Full-time,Hybrid,45,90,0,58625,17.3,6,1,94.6,0,19,1,1,0
1316,Marketing,Manager,Full-time,Hybrid,38,104,26,58831,19.5,4,0,54.1,0,40,3,2,1
1317,Sales,Team Lead,Full-time,Onsite,31,71,34,149675,6.0,25,0,45.9,1,41,0,0,0
1318,Finance,Associate,Full-time,Onsite,23,110,4,148313,6.4,28,0,78.0,1,44,1,0,1
1319,Engineering,Senior Associate,Full-time,Hybrid,44,103,3,86478,7.7,7,0,45.8,1,7,0,2,0
1320,Finance,Associate,Full-time,Remote,27,22,16,92909,15.0,7,0,62.4,0,25,1,1,0
1321,Sales,Associate,Full-time,Hybrid,23,39,20,59367,4.3,21,0,65.4,0,37,0,2,0
1322,Operations,Manager,Contract,Onsite,42,87,30,75813,2.6,6,0,72.9,1,27,0,1,0
1323,Engineering,Team Lead,Full-time,Remote,56,58,21,130874,17.0,18,0,99.5,0,34,1,1,0
1324,Engineering,Team Lead,Full-time,Remote,50,30,10,50121,19.5,28,0,53.3,0,43,1,2,1
1325,HR,Manager,Full-time,Onsite,28,18,33,65547,12.5,6,0,62.5,0,40,2,1,1
1326,HR,Associate,Full-time,Hybrid,50,106,14,93642,9.1,22,1,47.9,0,40,0,0,0
1327,Operations,Senior Associate,Contract,Hybrid,44,18,9,54914,10.8,3,1,76.5,0,42,0,1,1
1328,Marketing,Associate,Full-time,Hybrid,54,110,31,146664,9.7,9,0,83.7,1,37,1,0,0
1329,Engineering,Associate,Contract,Onsite,29,74,30,139932,24.0,29,1,68.9,0,1,0,1,0
1330,Operations,Senior Associate,Full-time,Remote,33,39,27,47178,19.2,12,0,54.7,0,6,0,0,0
1331,HR,Manager,Contract,Onsite,31,94,30,97258,5.2,3,1,77.3,0,40,0,0,1
1332,HR,Team Lead,Full-time,Hybrid,36,26,5,109421,9.6,29,0,72.3,0,24,0,0,0
1333,Engineering,Manager,Full-time,Onsite,45,71,13,90563,13.6,18,0,50.3,0,50,1,1,0
1334,Finance,Manager,Full-time,Remote,47,7,22,80050,15.3,9,0,64.3,0,49,0,1,0
1335,Sales,Associate,Contract,Onsite,24,69,15,92607,11.7,6,0,66.1,0,31,1,0,0
1336,HR,Team Lead,Contract,Hybrid,23,65,24,95638,20.3,4,0,99.0,1,11,1,0,0
1337,Marketing,Team Lead,Full-time,Remote,27,46,1,122971,19.2,2,0,91.0,0,52,0,1,0
1338,Marketing,Manager,Contract,Onsite,42,18,33,43262,12.6,21,0,84.1,0,10,0,0,0
1339,HR,Senior Associate,Full-time,Onsite,30,13,24,37453,21.4,27,1,93.3,0,9,0,1,0
1340,Finance,Manager,Full-time,Remote,31,25,35,137943,18.8,21,0,84.1,0,54,0,0,1
1341,Finance,Senior Associate,Full-time,Remote,57,104,15,75174,19.5,21,0,94.2,0,34,0,1,0
1342,Operations,Team Lead,Full-time,Hybrid,24,8,17,146720,23.9,1,0,43.3,0,43,1,0,0
1343,Marketing,Manager,Full-time,Remote,45,74,12,107760,6.7,28,1,67.4,1,3,1,0,0
1344,Operations,Associate,Full-time,Hybrid,43,32,26,36172,6.7,10,0,84.8,0,41,2,2,1
1345,Marketing,Manager,Full-time,Onsite,35,17,33,106788,22.2,9,0,75.0,1,1,0,1,0
1346,Sales,Team Lead,Full-time,Hybrid,48,102,10,47918,19.3,27,0,50.5,0,43,0,1,0
1347,Sales,Associate,Full-time,Onsite,54,79,0,37197,23.2,22,0,60.4,1,27,0,0,0
1348,Engineering,Associate,Full-time,Remote,43,79,12,127127,1.6,12,0,59.1,0,42,2,1,1
1349,Operations,Senior Associate,Full-time,Onsite,50,48,29,43677,15.7,6,0,55.7,0,45,2,0,0
1350,HR,Associate,Full-time,Remote,40,63,4,41039,3.6,9,0,60.6,1,46,0,2,1
1351,Operations,Associate,Full-time,Onsite,40,40,17,57785,12.6,27,0,70.9,0,13,1,1,0
1352,HR,Manager,Full-time,Onsite,27,115,13,34570,3.9,3,0,91.3,0,57,1,0,0
1353,Finance,Team Lead,Full-time,Onsite,40,84,12,102242,3.2,26,0,84.5,0,43,0,0,0
1354,Operations,Senior Associate,Full-time,Onsite,34,15,31,41655,0.3,21,0,90.1,1,28,0,0,1
1355,Finance,Manager,Full-time,Hybrid,47,99,6,128738,15.8,19,1,93.0,1,1,0,0,0
1356,Sales,Associate,Full-time,Onsite,43,6,7,77907,9.0,15,0,65.0,1,54,1,0,0
1357,Sales,Associate,Full-time,Hybrid,42,94,6,39449,2.6,19,1,60.8,1,33,0,0,0
1358,Engineering,Senior Associate,Full-time,Remote,57,63,15,54630,8.1,5,0,43.5,0,32,1,0,1
1359,Operations,Team Lead,Full-time,Remote,23,8,30,104658,4.2,8,0,95.8,0,19,1,0,0
1360,Finance,Senior Associate,Contract,Hybrid,51,95,26,76371,23.5,27,1,43.9,0,46,0,0,1
1361,HR,Manager,Contract,Remote,48,112,32,40991,8.0,12,0,84.5,1,29,0,1,0
1362,Sales,Senior Associate,Full-time,Remote,28,111,28,54887,8.3,6,0,62.7,0,53,0,0,0
1363,Sales,Associate,Full-time,Onsite,41,32,7,43859,21.0,17,0,96.9,1,41,1,2,1
1364,HR,Manager,Full-time,Onsite,52,45,32,53640,16.2,13,0,65.2,0,25,0,1,0
1365,Finance,Associate,Full-time,Onsite,44,52,18,78339,17.8,21,1,89.0,1,19,0,0,0
1366,Finance,Team Lead,Contract,Hybrid,34,79,20,121068,15.9,29,0,57.0,0,0,0,0,0
1367,Operations,Associate,Full-time,Hybrid,38,82,20,134765,23.7,4,0,57.9,1,0,0,1,0
1368,Operations,Associate,Full-time,Remote,25,13,24,83235,5.2,21,1,75.7,0,24,0,0,1
1369,Marketing,Senior Associate,Full-time,Onsite,35,24,22,134300,24.7,12,1,99.9,0,32,1,0,0
1370,Marketing,Associate,Contract,Hybrid,41,40,10,133156,20.8,23,1,71.1,0,22,0,0,0
1371,Engineering,Manager,Full-time,Hybrid,34,14,32,32512,14.7,7,0,96.2,0,10,0,1,0
1372,Sales,Manager,Full-time,Onsite,24,92,19,110982,16.6,14,1,87.2,0,59,0,0,0
1373,Operations,Team Lead,Full-time,Hybrid,47,75,24,51912,16.2,18,1,87.8,1,59,0,1,0
1374,Finance,Manager,Full-time,Onsite,47,70,25,129567,1.5,8,1,66.2,0,43,0,1,1
1375,HR,Senior Associate,Full-time,Remote,39,62,11,65515,5.5,5,1,63.2,0,14,0,0,1
1376,Finance,Team Lead,Full-time,Remote,53,89,31,45416,24.0,22,1,51.5,0,13,0,1,0
1377,Sales,Manager,Contract,Remote,35,61,32,102816,13.4,24,0,97.8,0,54,0,0,0
1378,Marketing,Senior Associate,Contract,Onsite,24,1,9,106510,9.5,13,0,97.6,1,0,0,1,0
1379,Finance,Manager,Contract,Hybrid,22,89,3,145781,19.1,28,1,84.8,1,32,0,0,0
1380,Engineering,Manager,Full-time,Remote,47,66,14,73746,13.1,22,0,57.8,1,5,0,0,0
1381,Sales,Associate,Full-time,Remote,45,32,5,73775,0.3,9,0,54.7,0,55,3,0,1
1382,Marketing,Manager,Full-time,Remote,56,13,26,132067,18.4,8,0,99.3,0,22,0,0,0
1383,HR,Manager,Full-time,Hybrid,35,33,4,42227,18.3,16,1,44.0,0,53,0,0,1
1384,Marketing,Senior Associate,Full-time,Hybrid,24,32,4,43031,4.1,12,0,90.6,0,25,1,0,1
1385,Engineering,Senior Associate,Full-time,Onsite,34,56,17,138819,23.9,16,0,61.3,1,2,0,0,0
1386,Sales,Associate,Full-time,Remote,35,24,27,63000,5.6,18,0,65.1,0,45,0,0,0
1387,HR,Manager,Full-time,Hybrid,42,91,34,81253,11.4,12,0,89.9,0,59,0,2,0
1388,Engineering,Associate,Full-time,Onsite,47,4,21,140848,2.9,8,0,45.4,1,58,0,2,1
1389,Marketing,Manager,Full-time,Remote,24,88,33,97564,15.1,0,0,61.3,1,54,0,0,0
1390,Engineering,Team Lead,Full-time,Hybrid,25,23,3,125969,9.4,0,1,97.1,0,5,0,2,0
1391,Sales,Team Lead,Full-time,Hybrid,57,29,17,48313,8.8,4,1,81.9,1,39,2,1,0
1392,Operations,Associate,Full-time,Onsite,22,98,25,144326,20.7,7,1,85.3,0,51,0,0,0
1393,Engineering,Associate,Full-time,Remote,54,21,21,105186,0.2,17,0,85.5,1,24,0,0,0
1394,Engineering,Associate,Full-time,Remote,28,30,32,121760,19.9,3,0,43.6,0,46,0,0,1
1395,Marketing,Senior Associate,Full-time,Hybrid,32,90,13,87751,14.3,21,0,52.2,0,16,0,0,1
1396,Marketing,Senior Associate,Full-time,Remote,48,20,30,82492,24.7,0,0,69.5,0,27,0,0,0
1397,HR,Senior Associate,Full-time,Onsite,35,16,9,60364,14.7,14,0,62.1,0,31,1,1,0
1398,Marketing,Associate,Full-time,Hybrid,43,67,23,48361,1.4,19,1,64.7,0,28,0,1,0
1399,Finance,Manager,Full-time,Hybrid,37,49,20,97949,1.3,3,0,86.9,1,22,0,0,0
1400,Sales,Team Lead,Full-time,Onsite,33,101,7,136330,22.1,24,0,40.9,0,40,0,0,0
1401,Sales,Associate,Full-time,Hybrid,31,58,31,61070,21.0,8,1,79.6,1,15,1,1,0
1402,Operations,Senior Associate,Full-time,Remote,45,104,30,133722,8.6,21,0,40.0,0,31,0,1,0
1403,Operations,Senior Associate,Full-time,Remote,39,44,33,52409,15.5,23,1,43.8,0,25,1,0,1
1404,Sales,Associate,Full-time,Hybrid,43,25,22,59854,12.2,27,1,64.5,1,32,0,0,1
1405,Operations,Associate,Contract,Onsite,30,23,24,126742,24.2,25,0,90.5,1,57,0,0,1
1406,HR,Senior Associate,Full-time,Onsite,38,108,6,149625,23.7,19,0,48.7,0,47,0,1,0
1407,Marketing,Manager,Full-time,Remote,34,59,18,59655,24.6,9,1,73.3,0,18,0,0,0
1408,Sales,Senior Associate,Full-time,Onsite,27,1,6,39952,21.7,23,0,80.7,0,54,1,1,0
1409,Operations,Senior Associate,Full-time,Hybrid,42,97,7,66365,22.7,14,0,53.8,0,40,0,0,0
1410,Sales,Associate,Full-time,Hybrid,57,15,13,113298,5.4,2,1,70.7,0,16,1,1,1
1411,Finance,Manager,Full-time,Remote,28,81,0,96156,20.8,1,0,94.7,0,37,1,2,1
1412,Engineering,Senior Associate,Full-time,Remote,57,98,12,129233,17.7,21,0,70.7,0,58,1,0,1
1413,Marketing,Senior Associate,Full-time,Remote,46,81,2,86724,24.1,4,0,49.4,0,13,1,0,0
1414,Sales,Team Lead,Full-time,Onsite,32,52,27,45455,14.3,23,1,77.7,1,17,0,0,0
1415,Engineering,Associate,Full-time,Hybrid,35,58,14,117746,2.1,0,0,75.5,0,20,0,1,0
1416,Operations,Team Lead,Full-time,Hybrid,50,41,35,77673,14.9,10,0,41.6,0,45,1,0,1
1417,Engineering,Team Lead,Full-time,Hybrid,31,44,2,30974,17.2,11,0,45.4,1,54,1,0,1
1418,Marketing,Senior Associate,Full-time,Remote,26,4,3,42679,5.5,25,0,49.4,1,38,0,0,0
1419,Sales,Associate,Contract,Hybrid,29,77,4,91791,9.9,2,1,48.2,0,41,0,1,0
1420,Finance,Manager,Full-time,Onsite,26,68,25,57429,15.0,22,1,55.6,1,47,0,2,1
1421,Operations,Senior Associate,Full-time,Onsite,45,7,24,48073,9.4,28,0,67.2,1,38,1,1,0
1422,Sales,Manager,Full-time,Hybrid,47,46,9,100207,9.4,15,0,62.3,0,27,1,1,0
1423,Marketing,Manager,Full-time,Remote,27,9,7,60365,3.3,25,0,93.4,0,19,1,2,0
1424,Operations,Associate,Contract,Hybrid,37,87,11,85928,23.5,13,0,76.7,1,59,0,0,0
1425,HR,Team Lead,Full-time,Onsite,57,33,2,141903,18.8,11,0,92.6,0,5,0,0,0
1426,Engineering,Associate,Contract,Onsite,33,33,26,141114,0.0,19,0,71.6,0,58,0,0,1
1427,Marketing,Manager,Full-time,Onsite,32,84,22,104453,19.1,25,0,45.4,1,25,0,0,1
1428,HR,Senior Associate,Full-time,Hybrid,24,4,32,136657,18.5,15,0,67.8,0,5,2,3,1
1429,Sales,Manager,Full-time,Onsite,27,65,13,37784,0.2,20,1,89.3,0,38,1,0,1
1430,Finance,Senior Associate,Contract,Remote,40,118,22,142529,9.2,7,1,51.6,0,56,0,1,0
1431,Operations,Senior Associate,Full-time,Hybrid,39,106,30,128962,15.2,16,0,45.5,0,53,1,2,0
1432,Engineering,Associate,Full-time,Hybrid,37,34,12,131201,11.3,16,0,59.8,0,59,1,1,1
1433,Operations,Manager,Full-time,Onsite,44,91,11,42291,19.4,27,1,63.3,0,25,0,1,0
1434,Sales,Team Lead,Full-time,Onsite,30,85,34,114462,10.6,6,1,58.4,1,16,0,0,1
1435,Operations,Manager,Contract,Remote,24,88,17,56154,3.8,14,0,48.1,1,39,1,0,1
1436,Engineering,Manager,Full-time,Hybrid,29,79,20,55650,24.4,28,1,55.1,0,1,1,1,0
1437,Sales,Team Lead,Full-time,Onsite,25,99,0,141876,6.1,27,1,80.9,1,50,0,1,0
1438,Operations,Associate,Full-time,Remote,33,64,8,98741,17.9,8,0,63.2,0,59,0,3,1
1439,Finance,Manager,Full-time,Onsite,52,25,22,132348,3.6,3,0,78.0,0,20,1,0,0
1440,Marketing,Manager,Contract,Hybrid,46,55,13,125830,8.2,7,0,72.2,0,53,0,0,0
1441,Sales,Senior Associate,Full-time,Onsite,37,9,10,66201,11.1,9,0,72.9,0,6,0,0,0
1442,Marketing,Manager,Full-time,Hybrid,35,17,6,69479,4.8,14,0,54.9,0,43,0,1,0
1443,Sales,Team Lead,Contract,Onsite,34,21,30,102920,11.2,22,1,71.3,0,19,0,0,0
1444,Finance,Senior Associate,Full-time,Hybrid,28,60,23,112797,3.9,29,1,41.4,0,2,0,0,0
1445,Marketing,Associate,Full-time,Remote,33,13,25,80243,14.0,17,0,65.9,0,56,0,1,0
1446,HR,Senior Associate,Full-time,Hybrid,25,3,29,98595,16.6,13,0,74.4,1,35,0,0,0
1447,Engineering,Team Lead,Full-time,Remote,23,68,33,61734,1.6,4,0,50.9,1,56,0,0,1
1448,HR,Team Lead,Full-time,Hybrid,56,4,4,118927,21.8,8,0,55.4,1,56,0,1,1
1449,Operations,Senior Associate,Contract,Remote,24,107,4,111451,4.6,12,0,53.2,0,42,0,1,1
1450,Finance,Associate,Full-time,Onsite,25,92,18,149950,5.6,28,1,44.2,0,43,0,0,0
1451,HR,Senior Associate,Full-time,Hybrid,33,7,27,135817,16.5,24,0,60.9,0,50,0,0,0
1452,Sales,Associate,Contract,Onsite,40,26,25,142169,11.7,18,0,98.7,0,18,1,1,0
1453,Operations,Senior Associate,Full-time,Remote,31,75,22,129978,12.5,10,0,61.2,1,29,0,0,0
1454,Operations,Team Lead,Full-time,Hybrid,22,24,29,72568,3.2,11,0,67.6,0,10,0,0,1
1455,HR,Manager,Full-time,Hybrid,38,107,2,147514,20.1,2,0,79.2,0,12,2,0,0
1456,HR,Manager,Contract,Onsite,37,10,27,55793,15.4,1,0,78.9,0,55,1,1,0
1457,Finance,Associate,Full-time,Hybrid,30,101,32,82204,3.4,22,0,97.0,0,32,0,1,0
1458,Engineering,Associate,Full-time,Hybrid,30,13,2,76746,9.3,21,0,91.5,0,37,0,0,0
1459,HR,Associate,Full-time,Onsite,30,44,4,61989,20.3,14,0,87.6,0,53,0,0,0
1460,HR,Team Lead,Full-time,Hybrid,33,106,18,79465,14.2,4,0,97.1,0,56,0,1,0
1461,Marketing,Senior Associate,Full-time,Onsite,36,39,0,120841,2.7,6,0,53.8,1,47,0,0,1
1462,Sales,Team Lead,Full-time,Onsite,23,19,8,91383,9.3,3,1,77.0,0,1,0,1,1
1463,Marketing,Manager,Full-time,Onsite,32,51,4,46767,6.1,4,0,93.2,1,45,1,0,1
1464,Marketing,Associate,Full-time,Onsite,32,19,33,68652,12.9,24,0,77.4,1,55,0,0,0
1465,Operations,Senior Associate,Contract,Onsite,29,76,32,113732,21.1,15,0,98.6,1,22,0,1,0
1466,Engineering,Manager,Full-time,Remote,53,52,24,114244,10.9,14,0,46.0,0,49,0,1,0
1467,Sales,Manager,Full-time,Remote,27,86,28,43383,10.8,26,1,66.4,0,48,0,0,1
1468,Finance,Manager,Full-time,Onsite,41,47,24,100784,22.6,15,0,98.6,0,19,0,2,0
1469,Finance,Team Lead,Full-time,Remote,56,101,8,131733,14.4,24,1,62.8,0,49,0,0,0
1470,HR,Associate,Full-time,Remote,29,30,2,90089,14.2,3,0,84.4,0,50,0,1,0
1471,HR,Manager,Full-time,Hybrid,55,46,14,56440,6.5,5,0,41.8,0,29,1,0,0
1472,Finance,Associate,Full-time,Onsite,40,76,3,82443,15.2,17,1,81.7,1,14,0,0,0
1473,HR,Team Lead,Full-time,Remote,28,93,19,86325,14.4,2,0,96.1,1,1,0,2,0
1474,Engineering,Manager,Full-time,Hybrid,52,21,22,116766,9.9,24,0,63.0,0,29,1,1,0
1475,Marketing,Team Lead,Full-time,Hybrid,39,75,7,125190,24.8,21,1,41.3,0,24,0,0,0
1476,HR,Team Lead,Full-time,Onsite,35,101,32,85919,22.0,23,1,41.7,1,3,0,0,1
1477,Operations,Associate,Full-time,Onsite,57,48,32,46611,18.7,26,0,93.5,0,0,0,0,0
1478,HR,Manager,Full-time,Hybrid,38,62,6,93483,13.4,4,0,83.4,0,7,0,1,0
1479,Sales,Team Lead,Full-time,Onsite,30,58,21,52457,11.6,1,0,46.4,0,51,0,0,1
1480,Engineering,Manager,Full-time,Onsite,41,18,4,40256,4.6,22,0,43.3,1,13,0,1,0
1481,Sales,Associate,Full-time,Hybrid,49,108,14,84856,7.6,15,0,88.3,0,57,0,0,0
1482,Sales,Team Lead,Full-time,Hybrid,41,59,20,136507,19.3,5,1,88.6,0,10,0,0,0
1483,Operations,Associate,Full-time,Onsite,57,91,24,70533,11.3,26,0,47.2,0,58,1,1,1
1484,Engineering,Manager,Full-time,Remote,48,101,16,129826,22.1,14,1,58.1,1,23,1,0,1
1485,Engineering,Manager,Full-time,Onsite,29,48,6,128995,3.7,17,0,86.8,1,23,0,2,1
1486,Engineering,Associate,Contract,Remote,53,63,18,58281,12.7,5,0,71.5,0,31,0,0,0
1487,Engineering,Senior Associate,Full-time,Hybrid,22,12,6,97275,16.2,12,1,97.4,1,24,0,2,1
1488,Engineering,Team Lead,Contract,Remote,38,87,23,31525,12.9,23,0,68.9,0,45,0,1,0
1489,Operations,Manager,Full-time,Hybrid,30,34,10,46453,22.2,12,0,80.6,0,27,1,1,1
1490,HR,Manager,Full-time,Onsite,41,61,0,36251,24.7,0,0,70.6,1,15,1,0,1
1491,Sales,Team Lead,Contract,Onsite,53,102,31,138744,2.9,15,1,96.6,0,41,0,0,0
1492,Engineering,Associate,Full-time,Hybrid,23,87,1,49507,3.2,3,0,63.9,0,38,1,0,0
1493,HR,Associate,Full-time,Hybrid,53,53,14,109396,3.3,16,0,53.8,0,15,0,2,0
1494,HR,Associate,Full-time,Hybrid,30,25,20,116644,17.0,17,0,59.6,1,35,0,2,1
1495,Sales,Senior Associate,Full-time,Onsite,51,62,23,57906,9.3,15,0,91.2,1,11,0,0,0
1496,Operations,Senior Associate,Full-time,Onsite,41,4,16,103185,18.3,0,1,69.9,1,11,1,0,0
1497,Finance,Manager,Full-time,Remote,22,94,8,129591,10.1,5,0,61.3,0,33,0,1,1
1498,Finance,Associate,Full-time,Hybrid,26,94,34,43193,15.7,10,0,72.7,1,37,2,0,0
1499,HR,Team Lead,Full-time,Remote,56,13,19,126558,19.2,5,0,48.0,0,19,0,0,0
1500,Marketing,Manager,Contract,Onsite,57,42,18,127192,13.7,16,1,40.3,0,46,1,1,1
1501,Marketing,Team Lead,Full-time,Remote,22,49,17,137071,13.5,3,1,56.8,1,14,0,0,1
1502,Sales,Manager,Full-time,Remote,35,78,19,111449,2.2,13,1,76.3,0,21,0,0,0
1503,Finance,Senior Associate,Full-time,Onsite,30,56,29,94042,10.3,29,0,82.7,0,15,0,0,0
1504,HR,Manager,Full-time,Onsite,51,47,0,89516,13.6,13,0,89.6,0,23,0,1,0
1505,Operations,Senior Associate,Full-time,Hybrid,45,8,23,111165,11.5,19,0,95.6,0,2,0,1,0
1506,Finance,Manager,Full-time,Remote,25,55,23,60692,22.5,7,1,64.7,0,0,1,0,0
1507,HR,Associate,Full-time,Onsite,35,88,18,100490,22.7,21,1,84.4,0,52,0,2,0
1508,HR,Team Lead,Full-time,Onsite,46,18,29,63512,20.5,1,1,44.5,0,43,0,0,1
1509,Engineering,Associate,Full-time,Remote,25,35,25,40719,9.4,4,0,43.5,0,46,0,0,0
1510,Operations,Manager,Contract,Onsite,46,89,28,85427,17.9,3,0,47.5,1,50,0,0,0
1511,Engineering,Manager,Full-time,Hybrid,31,81,12,57649,9.9,9,0,66.9,0,37,0,1,0
1512,Sales,Manager,Full-time,Hybrid,56,32,3,42402,5.8,19,1,52.7,0,50,0,1,0
1513,Engineering,Senior Associate,Full-time,Remote,28,24,16,132880,8.6,27,0,57.2,1,16,1,0,0
1514,Engineering,Team Lead,Full-time,Hybrid,34,7,32,149764,1.8,23,1,78.9,1,40,0,2,0
1515,Finance,Team Lead,Contract,Onsite,25,13,4,39216,8.3,20,0,61.5,0,20,0,2,0
1516,Marketing,Manager,Full-time,Onsite,57,91,27,144667,11.5,2,0,73.4,0,44,1,1,0
1517,HR,Manager,Full-time,Onsite,35,112,23,61050,23.9,15,0,64.7,1,46,1,0,1
1518,Operations,Senior Associate,Full-time,Onsite,39,69,16,125808,7.8,9,0,50.1,0,47,1,0,0
1519,Engineering,Associate,Full-time,Remote,29,100,10,80093,22.6,27,0,44.4,1,12,0,1,1
1520,Operations,Associate,Full-time,Hybrid,53,90,11,35050,5.7,14,0,54.2,0,1,0,0,0
1521,Marketing,Team Lead,Full-time,Hybrid,48,42,12,76716,4.8,3,0,43.5,0,1,0,0,0
1522,Marketing,Senior Associate,Contract,Onsite,44,109,7,145455,13.0,0,0,77.1,0,42,0,1,0
1523,Engineering,Manager,Full-time,Remote,28,31,0,32438,16.8,21,1,87.7,0,24,0,0,0
1524,Sales,Team Lead,Contract,Onsite,33,74,8,138686,1.1,26,1,60.4,1,27,1,0,1
1525,Engineering,Senior Associate,Full-time,Onsite,46,110,27,77431,5.5,28,0,63.2,1,47,1,2,0
1526,Finance,Associate,Full-time,Remote,24,26,1,142373,11.4,14,0,89.0,1,48,0,0,0
1527,HR,Senior Associate,Full-time,Remote,47,86,13,137123,8.3,9,0,53.4,1,25,0,1,1
1528,Sales,Associate,Full-time,Onsite,25,76,12,46760,17.8,19,1,47.1,1,34,0,0,1
1529,Engineering,Senior Associate,Full-time,Hybrid,57,32,1,107614,12.8,21,0,70.1,1,27,1,1,1
1530,Operations,Team Lead,Full-time,Onsite,36,91,3,46473,4.0,17,0,78.8,1,57,0,1,1
1531,Sales,Associate,Full-time,Hybrid,53,97,11,73815,22.4,15,1,76.0,0,58,1,0,0
1532,Sales,Team Lead,Full-time,Hybrid,50,117,9,92460,7.3,20,0,82.8,0,54,0,1,0
1533,Engineering,Team Lead,Full-time,Remote,31,52,2,39257,18.3,26,1,43.4,0,32,0,1,0
1534,Sales,Associate,Full-time,Remote,42,20,3,117986,19.5,8,0,65.7,1,17,0,0,0
1535,Operations,Associate,Full-time,Onsite,37,103,5,55634,24.1,23,0,54.3,1,13,1,0,1
1536,Marketing,Manager,Full-time,Hybrid,40,105,22,90403,12.5,18,0,85.5,1,53,0,0,0
1537,Sales,Manager,Full-time,Hybrid,50,40,4,76573,15.4,16,1,92.4,0,40,0,1,1
1538,Marketing,Manager,Full-time,Onsite,39,59,2,58648,8.4,9,1,56.9,1,59,1,0,1
1539,Operations,Team Lead,Contract,Onsite,37,77,9,122712,17.0,18,0,45.7,1,8,0,0,1
1540,Engineering,Team Lead,Full-time,Onsite,22,14,18,78980,11.6,7,0,55.2,0,43,0,0,1
1541,HR,Manager,Full-time,Remote,23,44,13,40296,10.9,26,0,46.2,1,55,0,1,1
1542,Sales,Team Lead,Contract,Onsite,36,104,20,90197,21.4,18,1,59.3,0,29,0,0,1
1543,HR,Team Lead,Full-time,Onsite,49,117,27,51959,1.3,4,0,72.3,0,2,0,1,0
1544,Operations,Associate,Contract,Hybrid,22,86,20,44570,22.0,1,1,98.4,1,33,1,0,0
1545,Sales,Associate,Full-time,Onsite,26,82,35,65423,21.3,14,0,64.0,0,32,0,0,0
1546,Marketing,Team Lead,Full-time,Hybrid,43,48,23,110263,12.7,16,0,53.2,0,26,0,0,1
1547,Finance,Manager,Full-time,Hybrid,57,93,16,47899,12.3,26,0,50.0,0,58,0,0,0
1548,HR,Senior Associate,Full-time,Remote,34,43,21,65785,9.0,9,1,50.4,0,8,2,1,0
1549,Sales,Manager,Full-time,Onsite,22,16,18,142446,24.9,29,1,51.6,0,12,0,0,0
1550,HR,Senior Associate,Full-time,Onsite,37,110,9,92806,2.8,20,0,85.7,0,29,0,0,0
1551,Sales,Manager,Full-time,Hybrid,43,35,10,86963,14.8,20,0,43.7,1,52,0,1,1
1552,Engineering,Associate,Full-time,Remote,53,53,1,135647,17.0,21,0,99.8,0,59,0,1,0
1553,Marketing,Team Lead,Full-time,Remote,37,34,32,107875,23.4,1,0,71.4,0,15,0,1,0
1554,HR,Team Lead,Full-time,Onsite,36,3,30,64341,19.5,8,1,72.7,1,50,0,0,0
1555,Finance,Associate,Full-time,Hybrid,33,68,34,35597,16.1,1,0,61.5,1,41,0,0,1
1556,Finance,Senior Associate,Full-time,Onsite,22,118,35,122648,2.9,17,1,81.4,1,25,0,0,0
1557,Operations,Senior Associate,Contract,Onsite,38,5,22,132230,9.3,11,1,68.3,0,58,0,0,0
1558,Sales,Senior Associate,Full-time,Onsite,49,10,35,40244,3.5,14,1,59.7,0,4,0,0,0
1559,HR,Associate,Contract,Onsite,28,52,25,33796,22.0,20,1,55.9,0,45,0,0,1
1560,Operations,Senior Associate,Full-time,Hybrid,30,29,24,137127,18.7,24,0,95.5,0,26,1,3,0
1561,HR,Associate,Full-time,Remote,43,96,16,105589,18.9,19,1,57.5,1,14,0,3,1
1562,Sales,Manager,Full-time,Onsite,47,31,14,58528,16.3,5,0,66.2,0,27,0,1,1
1563,Finance,Manager,Full-time,Onsite,33,66,3,145920,12.7,17,0,61.0,1,2,0,0,0
1564,Engineering,Associate,Full-time,Onsite,28,76,21,48648,3.7,29,1,45.2,0,40,0,0,0
1565,Finance,Team Lead,Full-time,Onsite,36,91,16,113967,8.2,12,0,51.2,0,0,0,1,0
1566,Operations,Manager,Full-time,Remote,42,69,21,30535,3.4,3,1,51.4,0,0,1,0,0
1567,Marketing,Senior Associate,Full-time,Remote,35,37,16,78469,18.1,11,1,81.6,1,50,1,1,1
1568,Engineering,Associate,Full-time,Remote,23,27,13,136188,4.0,8,1,64.4,0,5,0,2,0
1569,Operations,Senior Associate,Full-time,Remote,29,87,13,94912,17.6,1,0,86.9,0,10,0,0,0
1570,Sales,Senior Associate,Full-time,Onsite,27,33,16,74493,17.3,15,0,82.5,0,49,2,0,0
1571,Engineering,Team Lead,Full-time,Hybrid,54,68,7,102417,11.5,0,0,51.5,0,45,0,2,0
1572,Operations,Senior Associate,Full-time,Remote,27,59,33,75785,3.4,3,1,73.8,0,15,0,0,0
1573,Sales,Team Lead,Full-time,Remote,47,64,25,115017,7.9,14,0,84.6,0,32,0,0,1
1574,Finance,Manager,Full-time,Onsite,35,85,29,137771,8.0,19,0,78.0,0,23,0,1,0
1575,Marketing,Associate,Full-time,Onsite,29,88,21,131377,17.5,0,0,76.0,1,58,0,0,0
1576,Sales,Senior Associate,Full-time,Onsite,34,44,15,144267,2.8,19,0,84.4,0,31,0,1,0
1577,HR,Associate,Full-time,Onsite,34,95,29,96561,20.7,14,0,43.4,0,9,0,0,0
1578,Sales,Senior Associate,Full-time,Hybrid,49,108,15,60869,19.0,2,0,83.9,0,24,0,1,0
1579,Sales,Associate,Full-time,Hybrid,39,112,23,95094,4.7,12,0,56.4,0,9,0,0,0
1580,Marketing,Senior Associate,Contract,Remote,40,88,35,130355,18.0,17,1,74.3,0,12,1,1,0
1581,HR,Senior Associate,Contract,Hybrid,53,49,34,60192,16.7,12,0,54.5,1,59,0,2,1
1582,Operations,Senior Associate,Full-time,Remote,43,53,5,99157,18.7,9,0,90.3,0,0,0,1,0
1583,Operations,Senior Associate,Full-time,Remote,23,74,3,126102,4.7,19,0,68.8,0,34,0,0,0
1584,Sales,Senior Associate,Full-time,Hybrid,34,49,17,116483,3.9,23,1,78.6,0,13,0,0,0
1585,HR,Senior Associate,Full-time,Remote,44,113,5,109941,5.9,6,0,87.6,0,20,1,0,0
1586,HR,Senior Associate,Full-time,Onsite,46,114,25,87544,9.1,24,0,93.7,0,47,0,1,0
1587,Marketing,Senior Associate,Full-time,Remote,49,66,26,34403,19.8,7,0,83.9,1,54,0,0,1
1588,Finance,Senior Associate,Contract,Onsite,32,95,10,66091,18.4,0,0,48.9,0,57,0,1,0
1589,Operations,Associate,Full-time,Hybrid,54,63,15,82510,23.1,27,0,91.3,0,51,0,1,0
1590,Marketing,Team Lead,Full-time,Hybrid,45,25,18,118061,1.5,17,0,77.1,1,37,0,0,0
1591,Engineering,Senior Associate,Full-time,Remote,23,4,14,35017,0.3,11,1,76.6,0,0,0,0,0
1592,Operations,Team Lead,Full-time,Onsite,51,51,25,69203,17.5,17,0,95.3,0,19,1,0,0
1593,Marketing,Senior Associate,Full-time,Remote,38,11,30,86473,7.0,27,0,54.9,1,55,1,0,1
1594,Operations,Senior Associate,Contract,Hybrid,55,17,18,82123,8.4,23,0,54.4,1,4,0,0,0
1595,Finance,Associate,Full-time,Remote,43,108,23,78260,13.7,11,0,70.8,1,39,0,0,0
1596,Engineering,Manager,Full-time,Remote,26,66,8,75938,2.6,19,1,85.1,0,43,1,1,0
1597,Finance,Manager,Full-time,Onsite,37,70,22,87929,16.1,8,0,66.8,0,31,0,1,1
1598,Engineering,Associate,Full-time,Hybrid,34,73,3,115265,8.1,1,1,78.0,0,0,0,0,0
1599,Sales,Team Lead,Full-time,Remote,47,69,9,123966,15.8,13,1,67.2,0,44,2,0,0
1600,Marketing,Manager,Full-time,Onsite,52,84,8,134120,20.9,3,0,76.6,0,57,0,0,0
1601,Engineering,Associate,Full-time,Remote,44,29,18,67372,4.3,28,1,89.3,1,40,1,2,1
1602,Finance,Associate,Full-time,Onsite,33,85,14,131728,23.3,28,0,50.8,0,51,0,2,0
1603,Operations,Manager,Full-time,Onsite,35,73,33,83252,13.3,14,0,81.7,0,56,0,0,0
1604,Engineering,Team Lead,Full-time,Remote,39,92,18,44628,23.1,16,0,87.2,0,55,1,0,0
1605,Marketing,Associate,Full-time,Hybrid,48,119,20,140165,5.2,18,0,66.8,1,39,0,0,1
1606,Engineering,Senior Associate,Full-time,Hybrid,49,72,33,42501,15.1,5,0,59.4,1,44,0,2,1
1607,HR,Team Lead,Full-time,Onsite,39,95,16,148165,10.1,8,0,40.8,1,59,1,0,1
1608,Operations,Team Lead,Full-time,Hybrid,37,20,17,60131,19.4,26,0,87.8,0,1,2,2,1
1609,Marketing,Manager,Full-time,Onsite,37,27,16,119102,15.1,16,0,59.7,0,30,0,0,0
1610,Marketing,Manager,Full-time,Hybrid,34,8,1,119360,12.4,14,0,61.4,0,46,0,0,1
1611,Sales,Senior Associate,Full-time,Remote,50,118,0,149346,22.8,4,0,60.2,1,45,1,0,1
1612,Finance,Associate,Full-time,Hybrid,30,85,9,98348,9.4,27,0,69.9,0,50,0,0,0
1613,Sales,Manager,Full-time,Onsite,47,61,4,128348,5.5,17,0,82.1,0,25,0,0,0
1614,Marketing,Manager,Full-time,Onsite,49,28,11,122862,15.2,22,0,86.3,0,8,0,2,0
1615,Operations,Team Lead,Full-time,Hybrid,34,87,35,145321,15.6,3,0,63.6,0,50,1,2,1
1616,Engineering,Manager,Full-time,Remote,57,70,30,39402,11.0,20,0,79.8,0,29,0,1,1
1617,Engineering,Manager,Full-time,Onsite,30,3,8,121861,12.2,23,0,83.2,0,45,1,1,0
1618,Operations,Manager,Full-time,Onsite,35,69,25,85956,24.0,1,0,57.8,0,7,0,0,0
1619,Marketing,Manager,Full-time,Onsite,33,73,14,81920,18.3,18,1,45.8,0,4,1,0,0
1620,Engineering,Team Lead,Full-time,Onsite,53,7,15,137089,2.8,26,0,93.7,0,38,0,0,0
1621,Engineering,Senior Associate,Full-time,Onsite,24,60,12,56000,5.3,4,0,80.6,1,3,1,1,1
1622,Engineering,Senior Associate,Full-time,Remote,37,4,24,119795,24.4,25,0,78.9,0,39,1,1,1
1623,Finance,Associate,Full-time,Hybrid,41,103,29,142885,18.2,3,0,43.5,1,35,0,0,0
1624,Finance,Manager,Full-time,Remote,53,5,6,97462,22.9,4,0,89.1,0,20,0,1,0
1625,HR,Team Lead,Full-time,Remote,44,11,3,96392,7.6,18,0,74.0,0,32,1,0,0
1626,Sales,Associate,Full-time,Onsite,38,15,29,35988,18.5,12,0,90.9,0,25,0,3,1
1627,Operations,Associate,Full-time,Remote,37,64,9,104279,17.9,15,0,98.5,1,39,0,0,0
1628,Operations,Senior Associate,Full-time,Onsite,29,98,29,86999,7.4,11,1,97.4,0,38,1,3,0
1629,Operations,Team Lead,Contract,Remote,40,13,6,99674,13.8,8,0,91.4,0,10,0,1,0
1630,HR,Team Lead,Contract,Onsite,51,118,35,139384,15.7,23,0,40.7,0,20,0,0,0
1631,Finance,Team Lead,Contract,Onsite,55,112,34,111618,12.0,15,1,93.1,0,47,0,0,1
1632,Marketing,Senior Associate,Full-time,Remote,35,7,23,83426,20.7,13,0,44.5,0,21,1,1,1
1633,Marketing,Senior Associate,Full-time,Remote,43,104,35,88824,20.8,21,1,91.1,0,48,0,0,0
1634,HR,Senior Associate,Full-time,Hybrid,38,6,19,143174,21.3,29,0,56.8,0,55,1,1,1
1635,Marketing,Senior Associate,Full-time,Hybrid,36,56,31,128910,20.1,0,0,76.6,0,56,0,0,0
1636,Operations,Senior Associate,Full-time,Hybrid,53,64,25,104399,12.2,19,0,42.3,1,58,0,1,0
1637,Sales,Manager,Full-time,Remote,34,103,25,90659,9.5,22,1,86.3,0,36,0,0,1
1638,Engineering,Manager,Full-time,Remote,42,50,35,67790,20.8,25,0,46.7,0,57,0,1,1
1639,Finance,Team Lead,Full-time,Onsite,54,30,34,144704,12.3,20,1,64.6,1,6,0,2,1
1640,Finance,Associate,Full-time,Hybrid,48,22,34,125343,6.2,3,0,89.0,0,41,0,1,0
1641,HR,Team Lead,Contract,Onsite,56,25,11,52118,12.7,8,0,81.7,0,12,0,0,0
1642,Finance,Associate,Full-time,Onsite,37,28,32,82025,3.5,23,1,40.4,0,19,0,1,0
1643,Operations,Senior Associate,Full-time,Onsite,49,118,35,89938,17.3,18,0,64.2,0,14,0,0,1
1644,Marketing,Associate,Contract,Onsite,55,84,13,35149,8.4,13,1,42.5,0,37,0,0,0
1645,Operations,Team Lead,Full-time,Hybrid,22,39,32,68079,6.5,21,0,80.4,1,33,2,0,1
1646,HR,Team Lead,Full-time,Onsite,52,67,23,32484,23.9,11,1,98.1,0,35,1,2,1
1647,Operations,Associate,Full-time,Remote,57,5,14,85474,19.4,29,0,79.3,0,52,0,0,0
1648,Marketing,Manager,Full-time,Remote,54,65,30,120727,19.7,29,0,53.5,1,45,0,0,0
1649,Sales,Senior Associate,Contract,Remote,54,15,16,143316,15.6,27,1,61.3,1,56,0,0,1
1650,HR,Senior Associate,Full-time,Hybrid,39,90,11,78601,21.0,3,0,98.6,0,24,0,0,0
1651,Sales,Team Lead,Full-time,Onsite,44,67,21,147893,19.0,6,0,53.4,1,55,0,0,0
1652,Engineering,Manager,Full-time,Hybrid,44,40,22,73809,15.0,16,0,73.7,0,28,2,0,0
1653,Sales,Associate,Full-time,Onsite,36,105,25,50791,24.0,0,0,64.0,1,46,2,2,0
1654,Engineering,Senior Associate,Contract,Hybrid,47,111,13,99343,4.8,13,1,86.1,1,27,0,1,0
1655,Engineering,Manager,Full-time,Hybrid,51,106,11,56648,23.6,14,0,92.0,0,13,0,3,0
1656,Sales,Senior Associate,Full-time,Onsite,46,98,3,61090,10.0,11,0,60.5,0,3,1,1,0
1657,HR,Manager,Full-time,Hybrid,37,116,12,120636,13.2,11,0,79.6,0,37,2,0,0
1658,Marketing,Manager,Full-time,Onsite,35,69,17,126485,3.1,5,1,72.9,0,6,0,1,1
1659,Operations,Team Lead,Contract,Remote,38,95,27,131477,13.5,25,0,56.7,0,12,1,0,1
1660,Operations,Senior Associate,Full-time,Remote,33,115,18,47857,15.3,26,0,56.3,1,16,0,0,0
1661,Marketing,Associate,Full-time,Remote,50,77,2,92327,24.9,28,0,72.3,0,28,1,0,0
1662,Engineering,Team Lead,Full-time,Hybrid,53,43,18,142516,24.4,12,0,49.2,0,16,0,1,0
1663,Engineering,Team Lead,Full-time,Remote,45,1,19,123386,24.2,15,1,88.6,1,35,1,0,0
1664,HR,Associate,Full-time,Onsite,34,22,24,148026,8.7,13,0,44.1,0,18,0,1,1
1665,Finance,Team Lead,Contract,Remote,41,62,10,72967,24.8,6,0,45.7,0,25,0,2,0
1666,Sales,Manager,Full-time,Remote,36,79,16,83709,11.4,28,0,60.5,0,51,0,2,1
1667,Engineering,Manager,Contract,Hybrid,25,26,34,97948,21.3,24,1,47.1,0,44,0,2,1
1668,Operations,Senior Associate,Full-time,Onsite,55,18,13,78861,5.4,15,0,68.5,0,8,1,0,0
1669,HR,Senior Associate,Full-time,Hybrid,49,48,18,146839,12.6,22,0,64.0,1,1,0,2,0
1670,Sales,Associate,Full-time,Hybrid,23,9,2,98718,24.2,8,0,83.3,0,19,0,0,0
1671,HR,Senior Associate,Full-time,Onsite,51,1,33,50948,23.7,25,1,97.2,1,22,0,0,1
1672,Sales,Manager,Contract,Hybrid,47,107,21,63782,17.1,13,0,85.2,0,17,1,1,0
1673,Sales,Associate,Full-time,Onsite,47,9,26,80756,19.9,24,0,50.8,0,55,0,2,1
1674,Marketing,Associate,Full-time,Remote,41,23,20,112789,4.4,29,0,96.1,0,25,0,0,0
1675,Engineering,Senior Associate,Full-time,Onsite,49,107,30,135217,18.0,29,0,63.5,0,51,1,1,1
1676,HR,Manager,Full-time,Onsite,41,45,26,131031,15.5,23,1,68.5,1,24,0,0,1
1677,HR,Associate,Full-time,Onsite,32,2,1,98388,2.3,6,0,65.3,0,16,1,0,0
1678,Marketing,Manager,Full-time,Hybrid,31,14,8,137381,2.8,11,1,56.8,0,38,0,1,0
1679,Operations,Manager,Full-time,Onsite,44,38,18,114528,2.7,2,0,93.7,0,48,2,3,0
1680,Operations,Manager,Full-time,Onsite,40,40,35,96809,18.1,26,0,59.9,1,58,0,0,1
1681,Engineering,Senior Associate,Full-time,Onsite,39,63,9,37649,3.5,13,0,74.7,0,9,0,0,0
1682,Engineering,Team Lead,Full-time,Remote,48,82,6,59002,11.7,18,1,54.4,1,58,0,0,0
1683,Finance,Team Lead,Full-time,Onsite,27,16,3,64723,8.9,10,0,87.8,0,24,2,0,0
1684,Marketing,Associate,Full-time,Hybrid,31,117,14,104314,13.8,4,1,86.5,0,45,0,1,0
1685,Operations,Manager,Contract,Onsite,23,93,11,120312,17.7,22,0,57.8,0,27,0,0,0
1686,Sales,Senior Associate,Full-time,Onsite,45,108,5,100085,17.1,12,0,80.9,1,25,0,0,0
1687,HR,Manager,Full-time,Remote,49,75,8,111399,12.9,27,1,82.2,1,11,0,0,0
1688,Engineering,Manager,Full-time,Onsite,49,6,34,41809,11.6,9,1,73.8,0,57,1,0,1
1689,HR,Senior Associate,Full-time,Hybrid,23,3,7,88169,9.9,6,0,76.0,1,43,1,1,0
1690,HR,Team Lead,Full-time,Onsite,26,14,6,38302,21.5,16,0,74.5,0,48,1,0,0
1691,Finance,Manager,Full-time,Hybrid,32,66,3,38100,8.3,15,0,44.9,0,18,0,0,0
1692,Operations,Manager,Full-time,Remote,31,96,12,98447,6.5,7,0,80.2,0,59,0,0,0
1693,Engineering,Team Lead,Full-time,Onsite,23,95,18,107627,18.6,16,0,68.2,0,22,0,1,0
1694,HR,Senior Associate,Full-time,Remote,36,75,6,104635,9.0,12,0,66.3,0,13,1,1,1
1695,Engineering,Associate,Full-time,Onsite,28,86,9,85020,21.2,29,0,91.6,0,16,0,2,0
1696,Sales,Team Lead,Contract,Hybrid,41,67,24,35663,8.2,10,0,41.4,0,14,1,0,0
1697,Finance,Associate,Full-time,Remote,55,114,34,125440,17.5,19,1,55.1,0,20,2,1,0
1698,Sales,Associate,Full-time,Onsite,56,31,24,123827,1.1,17,0,47.3,0,37,1,0,1
1699,Engineering,Team Lead,Contract,Hybrid,55,33,28,74649,9.6,4,0,42.1,0,29,0,2,0
1700,Engineering,Manager,Full-time,Remote,43,88,11,77136,8.6,5,1,56.5,0,18,0,1,0
1701,Operations,Associate,Full-time,Onsite,52,1,11,145242,20.4,19,0,99.3,0,31,0,0,0
1702,HR,Associate,Full-time,Remote,44,44,5,136602,24.2,13,0,56.2,1,28,1,1,0
1703,HR,Senior Associate,Contract,Onsite,40,15,9,66104,11.5,11,0,79.8,0,21,0,0,0
1704,Sales,Manager,Full-time,Hybrid,25,37,1,69137,20.6,28,0,47.1,0,19,1,0,0
1705,Finance,Associate,Contract,Hybrid,45,27,24,32534,17.5,3,1,76.1,0,37,0,1,0
1706,Marketing,Senior Associate,Full-time,Remote,41,102,6,97762,24.2,6,0,99.1,0,37,0,0,0
1707,HR,Manager,Full-time,Remote,49,48,22,82445,20.3,10,0,57.5,0,35,0,0,0
1708,Operations,Team Lead,Contract,Onsite,38,27,10,39585,1.9,19,0,90.9,0,0,0,2,0
1709,Sales,Team Lead,Full-time,Hybrid,40,108,35,122796,17.8,1,1,99.9,0,18,0,1,0
1710,Sales,Senior Associate,Full-time,Onsite,56,12,22,122947,13.4,3,0,75.3,0,42,0,1,0
1711,Marketing,Team Lead,Full-time,Hybrid,53,67,6,128470,0.4,6,0,58.6,0,25,0,0,1
1712,Operations,Associate,Full-time,Remote,56,30,26,106438,6.3,0,0,80.4,0,6,1,0,0
1713,Finance,Manager,Contract,Onsite,51,96,12,66392,23.0,14,0,90.7,0,33,0,1,0
1714,Operations,Associate,Full-time,Onsite,38,87,16,114267,23.2,19,0,50.3,1,35,3,0,1
1715,Finance,Associate,Full-time,Hybrid,50,66,31,113324,20.0,21,0,67.2,1,5,1,0,1
1716,Operations,Team Lead,Full-time,Hybrid,27,7,25,61126,24.5,23,0,59.2,0,36,0,0,0
1717,Operations,Associate,Full-time,Hybrid,38,34,21,72485,20.2,7,0,57.0,1,21,0,0,0
1718,Engineering,Team Lead,Full-time,Remote,38,32,12,140905,0.3,28,0,91.6,0,52,1,1,0
1719,Sales,Manager,Full-time,Onsite,35,117,11,141407,7.2,24,0,65.3,0,8,0,0,0
1720,Operations,Manager,Full-time,Hybrid,45,39,6,75798,0.8,4,1,60.3,0,42,0,1,0
1721,Marketing,Associate,Contract,Remote,53,96,0,98310,2.4,13,0,76.2,0,59,1,1,0
1722,Operations,Senior Associate,Full-time,Hybrid,57,43,32,39017,5.5,17,0,53.2,1,28,0,1,1
1723,HR,Team Lead,Full-time,Onsite,35,43,13,55700,12.6,2,0,53.8,0,49,1,1,1
1724,Sales,Team Lead,Contract,Hybrid,48,78,16,120680,21.2,1,0,71.2,1,51,1,0,1
1725,HR,Associate,Full-time,Onsite,40,3,3,125446,21.5,24,0,64.6,0,16,1,1,0
1726,Sales,Team Lead,Full-time,Remote,52,46,0,138454,15.4,21,1,57.7,0,59,0,0,1
1727,HR,Team Lead,Full-time,Remote,30,32,23,66507,23.2,15,0,43.2,0,12,0,1,1
1728,Operations,Senior Associate,Contract,Hybrid,38,43,33,77679,12.5,13,1,71.2,1,54,2,1,1
1729,Operations,Senior Associate,Full-time,Onsite,40,100,33,122221,22.2,15,1,89.0,0,16,0,0,0
1730,Engineering,Associate,Contract,Onsite,25,81,23,119938,11.4,10,0,91.1,0,53,1,0,0
1731,Marketing,Senior Associate,Full-time,Onsite,32,112,14,67232,6.9,27,1,54.1,0,57,0,1,0
1732,HR,Associate,Full-time,Hybrid,43,3,16,125599,22.9,16,0,76.0,1,9,0,1,1
1733,Finance,Manager,Full-time,Onsite,25,74,12,119661,9.7,2,0,91.4,1,24,0,1,0
1734,Engineering,Associate,Full-time,Onsite,38,117,6,140685,12.6,22,0,64.5,0,17,0,1,0
1735,HR,Manager,Full-time,Onsite,29,63,8,54020,8.2,22,0,95.9,1,48,0,1,1
1736,HR,Associate,Full-time,Onsite,55,111,34,127239,16.6,4,1,94.2,0,43,0,1,0
1737,Engineering,Team Lead,Full-time,Hybrid,32,40,22,87172,24.9,2,1,52.5,0,14,0,0,1
1738,Operations,Senior Associate,Full-time,Hybrid,52,18,22,127305,0.6,28,1,55.5,0,58,2,1,1
1739,HR,Manager,Full-time,Onsite,32,67,25,43746,22.5,14,0,50.8,0,26,1,0,0
1740,Operations,Associate,Full-time,Onsite,42,103,0,93537,0.1,22,0,51.8,0,58,0,0,0
1741,Engineering,Senior Associate,Full-time,Remote,51,62,13,34094,9.1,4,0,94.5,1,57,0,1,0
1742,Operations,Associate,Full-time,Remote,31,10,31,98466,4.2,21,0,95.9,0,18,0,0,0
1743,Sales,Senior Associate,Full-time,Onsite,47,52,9,129067,18.9,2,0,43.1,0,53,2,1,0
1744,Finance,Senior Associate,Full-time,Onsite,48,73,0,60755,1.3,5,0,75.6,1,14,0,0,0
1745,HR,Associate,Full-time,Remote,29,46,4,125641,13.8,22,0,73.9,1,44,2,1,1
1746,Marketing,Manager,Full-time,Remote,29,55,2,41552,7.4,13,0,63.4,0,6,1,1,0
1747,Finance,Manager,Contract,Onsite,29,46,26,131754,3.3,23,0,77.9,0,42,1,2,0
1748,Operations,Team Lead,Full-time,Hybrid,55,75,21,89491,19.3,1,0,96.8,0,39,0,1,0
1749,HR,Senior Associate,Full-time,Hybrid,37,60,17,49779,5.4,17,1,50.2,1,51,1,0,1
1750,Operations,Team Lead,Full-time,Onsite,34,97,15,59000,5.6,29,0,47.2,0,15,0,0,0
1751,Sales,Team Lead,Full-time,Onsite,44,100,1,115639,6.9,5,0,42.0,0,23,0,1,0
1752,Engineering,Associate,Full-time,Remote,33,26,12,83953,14.7,23,1,61.8,1,22,1,0,0
1753,HR,Associate,Full-time,Remote,48,27,15,87564,16.5,4,1,60.3,1,10,2,1,0
1754,Sales,Associate,Full-time,Hybrid,43,38,7,44102,0.4,13,1,65.8,0,23,0,0,0
1755,Sales,Senior Associate,Full-time,Onsite,53,22,7,31861,6.0,16,0,70.2,0,4,0,0,0
1756,HR,Associate,Full-time,Remote,48,26,9,73574,10.8,10,0,85.5,0,57,0,0,0
1757,Operations,Associate,Full-time,Hybrid,23,86,32,62682,8.3,0,1,63.5,1,38,0,2,1
1758,Marketing,Senior Associate,Full-time,Hybrid,54,69,30,108819,22.1,9,1,59.8,0,47,0,1,1
1759,Sales,Senior Associate,Full-time,Hybrid,47,35,11,121133,19.7,8,0,89.6,0,29,0,1,0
1760,Finance,Manager,Contract,Remote,49,66,8,144797,15.6,19,0,91.0,0,15,0,0,0
1761,Sales,Associate,Full-time,Remote,40,99,8,107972,8.5,11,0,54.0,0,19,1,0,0
1762,Marketing,Associate,Full-time,Onsite,26,73,17,123960,17.5,25,0,58.9,0,28,1,0,0
1763,Operations,Associate,Contract,Onsite,54,115,29,95185,21.1,0,0,89.5,1,16,0,0,0
1764,Operations,Manager,Full-time,Hybrid,41,51,31,104426,14.9,26,0,44.8,1,18,0,0,0
1765,Finance,Associate,Full-time,Hybrid,51,113,22,78120,19.6,23,1,59.6,0,59,0,3,1
1766,Sales,Manager,Full-time,Remote,29,18,10,68297,18.7,17,0,66.9,0,25,1,0,0
1767,Operations,Team Lead,Contract,Remote,38,43,19,144147,14.3,11,1,51.2,0,14,0,0,0
1768,Marketing,Manager,Full-time,Onsite,22,12,18,38299,7.8,1,0,50.8,0,24,0,0,0
1769,HR,Team Lead,Full-time,Onsite,24,3,35,71348,18.6,0,0,65.5,0,14,0,0,0
1770,Engineering,Associate,Full-time,Onsite,47,82,25,71384,5.2,0,0,85.3,0,58,0,0,0
1771,Engineering,Team Lead,Contract,Remote,52,102,9,147182,19.5,24,1,90.4,0,19,0,0,0
1772,Engineering,Manager,Full-time,Hybrid,29,7,23,106693,20.1,28,0,98.8,0,29,0,2,0
1773,Sales,Senior Associate,Full-time,Onsite,29,97,12,125299,20.6,0,0,44.4,1,20,0,1,0
1774,Finance,Team Lead,Contract,Onsite,56,6,33,62687,11.8,21,1,53.0,1,46,0,0,1
1775,Operations,Team Lead,Full-time,Remote,49,82,28,94577,4.8,11,0,85.4,1,34,1,0,1
1776,HR,Associate,Full-time,Onsite,25,45,35,90047,2.5,6,1,72.4,1,43,0,1,1
1777,Marketing,Manager,Full-time,Hybrid,37,86,6,40191,18.6,3,1,59.7,1,58,0,1,1
1778,HR,Team Lead,Full-time,Remote,34,115,29,86884,22.2,20,1,52.3,0,5,0,0,1
1779,Marketing,Team Lead,Contract,Onsite,41,39,16,84911,16.3,19,0,56.8,0,51,0,0,0
1780,Sales,Team Lead,Full-time,Onsite,26,51,12,107303,3.6,3,0,65.8,0,36,0,1,0
1781,Engineering,Team Lead,Full-time,Remote,41,9,23,113447,23.4,25,1,50.6,1,10,0,1,0
1782,Sales,Senior Associate,Full-time,Remote,45,99,30,124165,24.7,14,0,97.9,0,22,0,0,0
1783,Finance,Manager,Full-time,Onsite,57,23,26,130330,10.8,0,0,46.5,1,43,2,1,0
1784,Finance,Associate,Contract,Hybrid,55,12,20,122480,14.9,5,1,99.1,0,38,0,0,0
1785,Marketing,Associate,Full-time,Remote,55,116,0,73726,19.4,13,0,90.5,0,8,0,0,0
1786,Operations,Senior Associate,Full-time,Hybrid,40,88,14,64623,18.4,25,1,65.4,0,17,2,1,0
1787,Operations,Manager,Full-time,Onsite,38,62,2,143367,24.2,13,1,84.4,1,45,0,0,0
1788,Marketing,Team Lead,Contract,Hybrid,26,114,5,143219,2.9,9,1,80.3,0,35,1,1,0
1789,Finance,Senior Associate,Full-time,Onsite,46,104,13,113517,14.5,6,0,52.8,0,39,0,0,0
1790,Finance,Manager,Full-time,Onsite,39,73,32,80000,17.3,22,0,60.3,0,47,1,0,1
1791,Finance,Team Lead,Full-time,Onsite,29,77,7,101494,22.3,23,0,70.8,0,35,0,1,0
1792,Sales,Senior Associate,Full-time,Onsite,48,40,25,110241,21.9,22,0,78.3,0,27,0,0,1
1793,Finance,Manager,Full-time,Hybrid,36,54,14,126172,24.4,21,0,72.6,0,18,0,1,0
1794,HR,Associate,Full-time,Onsite,34,106,13,93027,12.8,11,0,68.4,0,29,1,1,0
1795,Engineering,Associate,Full-time,Onsite,37,81,19,88995,20.8,23,0,66.6,0,57,1,0,0
1796,Finance,Manager,Full-time,Hybrid,43,7,18,72876,10.7,18,0,69.9,1,37,0,0,0
1797,Marketing,Associate,Full-time,Remote,41,17,32,148217,10.6,8,1,66.1,1,50,0,0,1
1798,Engineering,Manager,Contract,Hybrid,34,119,35,81070,6.3,2,0,72.5,0,14,0,0,0
1799,Sales,Team Lead,Full-time,Hybrid,41,50,23,120688,20.5,3,0,93.3,0,43,1,1,1
1800,Marketing,Manager,Contract,Hybrid,23,24,9,134065,24.6,12,0,78.0,0,11,0,1,0
1801,Engineering,Team Lead,Full-time,Onsite,56,2,33,96224,6.4,9,1,83.4,1,1,0,1,1
1802,Marketing,Senior Associate,Full-time,Onsite,40,99,35,55365,1.4,13,0,75.8,0,8,0,0,0
1803,Sales,Manager,Contract,Onsite,27,92,35,59663,20.4,5,0,78.6,0,34,0,0,0
1804,HR,Senior Associate,Full-time,Remote,35,83,15,95436,15.5,27,0,74.7,0,0,0,0,0
1805,Sales,Associate,Full-time,Onsite,25,33,14,134610,24.0,29,0,41.6,0,45,1,0,1
1806,Sales,Team Lead,Contract,Remote,43,21,17,133376,6.3,27,1,100.0,0,59,0,0,0
1807,Marketing,Manager,Full-time,Onsite,57,117,6,113275,1.8,7,1,42.0,1,30,0,3,1
1808,Operations,Senior Associate,Full-time,Hybrid,55,74,21,146375,12.3,18,0,63.7,0,27,1,1,0
1809,Finance,Team Lead,Full-time,Onsite,48,53,31,93211,2.1,28,1,46.3,0,44,1,1,0
1810,Finance,Team Lead,Full-time,Remote,28,46,18,40909,6.5,9,1,45.8,0,56,0,0,0
1811,HR,Associate,Full-time,Remote,24,45,0,90883,3.1,21,1,87.6,1,36,1,0,0
1812,HR,Associate,Full-time,Onsite,54,9,34,42713,5.6,4,0,65.6,0,6,0,1,0
1813,Finance,Team Lead,Full-time,Hybrid,23,102,4,42614,2.7,4,0,88.1,0,45,0,2,0
1814,Operations,Team Lead,Full-time,Onsite,37,6,11,137625,23.8,4,0,56.4,1,15,0,0,1
1815,Finance,Manager,Full-time,Onsite,46,51,11,128097,7.0,8,0,55.4,1,49,0,1,1
1816,Operations,Team Lead,Full-time,Onsite,36,117,20,50734,11.1,28,0,55.1,0,13,0,2,0
1817,HR,Manager,Full-time,Hybrid,45,106,18,60709,22.5,22,1,77.0,0,32,0,0,0
1818,Engineering,Team Lead,Full-time,Remote,36,119,8,52885,16.9,27,1,88.9,0,5,1,2,0
1819,Marketing,Associate,Full-time,Hybrid,52,35,35,101622,15.5,8,1,67.1,1,20,0,0,0
1820,HR,Manager,Full-time,Remote,35,82,31,108267,17.6,14,0,62.8,0,9,0,1,0
1821,HR,Senior Associate,Full-time,Remote,35,53,34,116128,20.7,8,0,98.4,0,31,0,2,0
1822,Sales,Associate,Full-time,Remote,27,19,30,43341,21.9,28,0,47.0,0,5,0,0,1
1823,Sales,Manager,Contract,Hybrid,35,69,31,69435,16.1,13,0,69.2,0,1,0,1,0
1824,Sales,Manager,Full-time,Onsite,38,25,31,42976,22.3,5,1,64.5,0,38,1,0,0
1825,Marketing,Senior Associate,Full-time,Onsite,39,11,29,112910,13.4,29,0,45.9,1,48,0,0,0
1826,Sales,Manager,Full-time,Onsite,41,74,31,107869,6.9,21,1,56.1,0,26,0,0,1
1827,Operations,Team Lead,Full-time,Onsite,38,17,1,35290,22.0,19,0,41.7,1,55,0,2,1
1828,Finance,Senior Associate,Contract,Onsite,37,36,10,75812,13.5,7,0,92.6,0,13,1,0,0
1829,Engineering,Associate,Contract,Hybrid,53,90,19,80528,22.7,29,0,76.5,1,22,0,0,0
1830,HR,Associate,Full-time,Hybrid,30,95,8,88570,1.0,1,0,88.9,1,38,2,0,0
1831,Operations,Team Lead,Full-time,Hybrid,48,96,18,141841,9.9,4,0,71.3,0,53,1,1,0
1832,Engineering,Associate,Contract,Hybrid,54,21,6,86399,23.7,16,0,76.0,0,57,0,2,0
1833,Operations,Manager,Contract,Hybrid,31,18,4,78437,6.2,9,0,82.1,0,20,0,0,0
1834,Operations,Manager,Full-time,Hybrid,38,60,23,119122,23.5,13,1,94.5,0,40,0,0,0
1835,HR,Team Lead,Full-time,Hybrid,57,18,6,87907,23.8,17,1,45.5,0,50,0,0,0
1836,Finance,Associate,Full-time,Onsite,38,1,10,111876,22.1,0,1,59.9,0,29,0,0,1
1837,Sales,Associate,Contract,Remote,39,14,8,78723,14.1,21,1,82.5,1,24,0,0,0
1838,Marketing,Team Lead,Full-time,Hybrid,44,8,29,65655,16.2,1,1,97.5,1,52,0,1,1
1839,Finance,Senior Associate,Full-time,Remote,55,66,2,144098,21.7,27,0,98.8,0,23,0,1,0
1840,Marketing,Associate,Full-time,Hybrid,29,51,21,85833,19.4,3,0,78.3,1,10,1,0,0
1841,HR,Senior Associate,Full-time,Hybrid,34,79,19,110096,15.8,12,0,51.6,1,34,0,0,0
1842,HR,Associate,Full-time,Onsite,44,60,31,53997,24.6,15,1,47.2,0,54,0,0,1
1843,HR,Associate,Contract,Remote,41,34,6,96876,17.1,4,0,96.8,0,57,0,0,0
1844,Engineering,Associate,Full-time,Onsite,43,36,6,140233,24.4,22,0,66.0,0,3,0,1,0
1845,Marketing,Associate,Full-time,Onsite,44,62,19,56013,1.4,9,1,51.7,0,36,1,1,0
1846,Finance,Manager,Full-time,Remote,56,1,24,62862,3.5,16,0,96.0,0,35,1,2,1
1847,Finance,Senior Associate,Full-time,Onsite,24,115,34,82448,11.3,27,1,46.3,0,12,1,3,0
1848,Operations,Senior Associate,Full-time,Hybrid,55,85,23,117818,9.6,10,1,83.8,1,8,1,0,0
1849,Operations,Associate,Full-time,Hybrid,54,42,12,75608,19.6,4,0,77.5,0,27,0,2,0
1850,Operations,Associate,Full-time,Hybrid,38,1,3,114612,4.0,14,0,45.3,0,54,0,1,0
1851,HR,Senior Associate,Full-time,Hybrid,40,96,11,148849,24.4,3,1,60.3,1,45,0,0,0
1852,Finance,Manager,Full-time,Hybrid,51,84,16,144060,7.9,6,0,49.0,1,15,0,1,0
1853,Marketing,Team Lead,Full-time,Onsite,44,54,0,70894,10.7,29,1,76.3,0,53,0,1,0
1854,HR,Team Lead,Contract,Onsite,36,47,16,115201,6.9,9,1,68.6,1,5,1,0,0
1855,Engineering,Senior Associate,Contract,Hybrid,35,100,1,80649,14.5,22,0,40.3,0,26,0,0,0
1856,Operations,Associate,Full-time,Hybrid,23,39,5,92104,1.5,23,0,98.5,0,9,0,1,0
1857,HR,Associate,Full-time,Onsite,39,30,10,106459,3.7,3,0,61.0,0,22,1,0,0
1858,HR,Manager,Contract,Remote,27,7,17,69821,18.6,19,0,55.5,0,20,0,2,0
1859,Engineering,Team Lead,Full-time,Onsite,53,22,24,77940,4.7,25,0,53.3,0,25,0,0,0
1860,Sales,Manager,Full-time,Onsite,42,50,27,40935,5.9,4,1,49.5,0,44,0,0,1
1861,Finance,Team Lead,Contract,Onsite,49,45,15,119577,19.8,4,0,99.9,0,2,0,1,0
1862,Marketing,Senior Associate,Full-time,Onsite,48,74,11,42467,2.3,10,1,57.7,1,58,1,1,1
1863,Sales,Team Lead,Full-time,Onsite,23,72,28,41073,10.9,18,0,64.3,0,42,0,0,0
1864,Operations,Manager,Contract,Remote,54,91,22,37691,0.6,4,0,92.3,0,34,0,0,1
1865,HR,Manager,Full-time,Hybrid,37,10,20,76538,8.7,20,0,78.5,1,6,0,0,0
1866,Engineering,Manager,Full-time,Hybrid,43,14,15,54490,17.5,7,1,62.1,0,26,0,0,1
1867,Engineering,Senior Associate,Full-time,Remote,34,46,25,45688,2.3,6,0,93.9,0,41,2,1,1
1868,Finance,Team Lead,Full-time,Hybrid,23,116,21,128505,22.2,7,0,85.0,0,32,0,0,0
1869,Sales,Team Lead,Full-time,Hybrid,35,118,9,80650,22.7,12,1,53.7,1,3,1,0,0
1870,Finance,Manager,Full-time,Hybrid,49,75,6,43829,2.6,4,0,78.6,1,25,0,1,0
1871,HR,Team Lead,Contract,Remote,28,6,8,33086,24.8,27,0,95.3,1,7,0,3,1
1872,Finance,Associate,Full-time,Remote,39,21,24,139609,7.4,26,0,69.8,0,19,0,0,0
1873,Marketing,Associate,Full-time,Hybrid,57,62,14,32590,2.1,17,1,84.0,1,16,2,0,1
1874,Engineering,Associate,Full-time,Hybrid,57,97,12,69893,0.1,23,0,98.3,0,4,1,0,0
1875,Engineering,Team Lead,Full-time,Hybrid,25,19,25,103396,10.2,8,0,81.4,0,48,1,0,0
1876,Operations,Senior Associate,Full-time,Onsite,51,103,20,68176,15.7,1,0,46.1,0,8,0,1,0
1877,Operations,Senior Associate,Contract,Onsite,45,88,22,97484,8.3,15,1,54.7,1,7,0,1,0
1878,HR,Senior Associate,Contract,Onsite,41,82,27,132267,20.9,13,0,75.7,0,6,0,0,0
1879,Marketing,Senior Associate,Full-time,Remote,52,99,11,128997,17.9,16,0,56.5,0,36,0,0,0
1880,Sales,Associate,Full-time,Hybrid,45,116,23,56295,8.8,27,0,97.5,1,35,0,1,0
1881,Finance,Associate,Full-time,Remote,28,62,12,68131,18.4,5,0,64.3,1,54,2,2,1
1882,HR,Manager,Full-time,Remote,47,107,1,74893,23.5,2,1,67.4,0,2,2,0,0
1883,Operations,Team Lead,Full-time,Remote,34,101,11,41924,2.3,16,0,82.1,0,7,0,1,0
1884,Finance,Team Lead,Full-time,Hybrid,29,83,13,134191,7.7,12,1,71.5,1,4,1,0,0
1885,Operations,Senior Associate,Contract,Onsite,26,53,29,40851,11.6,5,1,62.9,1,4,0,0,1
1886,Finance,Associate,Full-time,Hybrid,34,24,18,37734,12.4,27,1,44.6,0,16,0,1,0
1887,Sales,Senior Associate,Full-time,Hybrid,50,56,30,72681,13.6,7,0,75.8,0,46,0,2,0
1888,HR,Manager,Full-time,Remote,41,62,24,144495,7.5,24,1,92.1,0,57,1,0,0
1889,Finance,Team Lead,Full-time,Remote,35,34,3,35293,16.7,28,0,81.1,0,26,1,1,0
1890,Marketing,Team Lead,Full-time,Remote,53,22,12,83203,16.1,5,1,62.9,0,39,0,1,0
1891,Engineering,Senior Associate,Full-time,Onsite,48,68,35,142149,14.4,27,0,47.7,0,38,1,1,0
1892,Marketing,Manager,Full-time,Onsite,46,57,2,43820,2.8,15,1,89.0,0,48,0,1,0
1893,Marketing,Team Lead,Full-time,Onsite,25,10,15,97827,11.9,5,0,96.5,0,11,1,0,0
1894,Engineering,Manager,Full-time,Hybrid,42,66,25,77163,8.9,16,1,63.3,1,27,1,0,1
1895,Marketing,Manager,Full-time,Remote,39,8,18,42391,12.3,20,1,83.7,0,3,1,0,0
1896,Finance,Senior Associate,Full-time,Hybrid,36,97,14,131002,23.0,2,1,64.6,0,51,0,0,0
1897,Finance,Associate,Full-time,Onsite,45,38,31,139870,12.0,22,1,70.1,1,27,0,1,1
1898,Finance,Senior Associate,Full-time,Remote,29,107,20,71970,0.3,11,0,90.2,0,24,0,1,1
1899,Engineering,Associate,Full-time,Onsite,49,62,0,76823,11.0,24,0,45.0,0,57,0,0,0
1900,Marketing,Manager,Full-time,Remote,42,28,5,60796,20.5,28,1,71.8,0,49,0,0,0
1901,Engineering,Associate,Full-time,Remote,37,10,26,129345,19.5,26,0,52.9,1,35,0,0,1
1902,Finance,Manager,Full-time,Hybrid,37,45,22,146245,12.8,5,0,60.4,1,41,0,0,0
1903,Marketing,Team Lead,Full-time,Hybrid,56,65,30,113127,6.2,20,0,78.7,0,2,0,0,0
1904,Marketing,Team Lead,Full-time,Onsite,38,98,11,138176,11.6,6,0,41.6,1,57,0,0,0
1905,Operations,Team Lead,Full-time,Hybrid,30,67,20,66389,14.1,10,0,75.6,0,30,2,0,0
1906,Operations,Senior Associate,Full-time,Hybrid,56,9,1,33352,25.0,8,0,57.0,1,36,0,0,0
1907,Sales,Senior Associate,Contract,Hybrid,50,5,4,113598,16.1,15,0,80.2,1,11,0,0,0
1908,HR,Manager,Full-time,Remote,39,106,8,58172,17.4,4,0,48.5,0,54,0,1,0
1909,Operations,Team Lead,Contract,Hybrid,33,10,19,40937,12.3,14,0,84.1,1,36,0,0,0
1910,Engineering,Senior Associate,Full-time,Onsite,40,12,17,123657,8.9,20,0,78.7,0,36,0,0,0
1911,Operations,Team Lead,Full-time,Remote,43,82,21,110138,20.3,25,0,98.3,0,3,0,0,0
1912,Sales,Senior Associate,Contract,Remote,36,58,7,137276,12.4,3,0,94.7,1,29,0,1,0
1913,Marketing,Associate,Full-time,Hybrid,22,21,33,118672,24.9,4,1,57.0,0,56,0,0,0
1914,Sales,Associate,Full-time,Remote,23,21,8,96481,11.4,6,0,41.6,0,37,0,1,0
1915,Marketing,Team Lead,Full-time,Onsite,29,65,6,115348,1.7,2,1,79.3,1,41,2,0,0
1916,Marketing,Manager,Full-time,Onsite,43,3,29,103509,17.1,3,1,76.2,1,37,0,0,1
1917,HR,Senior Associate,Full-time,Remote,46,69,17,53552,1.2,24,0,41.6,1,26,0,0,0
1918,Operations,Senior Associate,Full-time,Hybrid,23,89,26,44118,6.3,14,0,47.4,0,53,0,0,0
1919,Engineering,Associate,Contract,Hybrid,30,64,15,41290,8.8,27,0,75.1,0,21,0,1,1
1920,Engineering,Associate,Full-time,Remote,30,49,20,55123,18.5,1,0,94.7,1,0,0,1,0
1921,Finance,Manager,Contract,Onsite,34,72,4,111919,12.4,23,0,94.4,0,47,3,1,1
1922,Marketing,Manager,Contract,Remote,27,17,28,89551,0.7,24,0,49.1,1,42,0,1,1
1923,Engineering,Manager,Full-time,Hybrid,51,73,21,82136,15.4,4,0,63.1,1,37,2,0,1
1924,HR,Team Lead,Full-time,Hybrid,36,32,13,93886,10.3,6,0,42.6,1,19,0,2,1
1925,Marketing,Associate,Contract,Remote,36,70,18,147278,23.0,21,1,68.2,0,17,0,0,0
1926,HR,Team Lead,Contract,Onsite,28,113,34,105902,12.5,16,0,85.2,0,5,0,1,0
1927,Engineering,Associate,Full-time,Remote,32,104,23,97333,17.7,7,1,87.4,0,48,0,1,0
1928,Engineering,Associate,Full-time,Onsite,23,21,5,121992,5.5,8,0,69.9,0,11,1,1,1
1929,Finance,Senior Associate,Full-time,Onsite,31,7,2,74016,19.0,9,0,45.8,1,16,1,0,0
1930,Engineering,Associate,Full-time,Remote,38,7,33,51427,18.0,10,0,62.9,1,52,0,0,1
1931,Marketing,Associate,Full-time,Remote,28,111,1,32257,22.6,0,1,95.9,0,21,0,0,0
1932,Marketing,Team Lead,Full-time,Onsite,25,103,14,97733,0.8,14,0,53.8,1,17,1,0,0
1933,Marketing,Associate,Full-time,Onsite,56,118,14,38222,11.2,7,0,59.2,0,9,1,1,0
1934,Finance,Team Lead,Full-time,Onsite,57,27,31,55187,17.0,18,1,84.8,0,23,0,0,1
1935,Finance,Manager,Full-time,Onsite,52,8,20,109688,2.4,11,0,84.0,0,19,2,0,1
1936,Engineering,Associate,Full-time,Hybrid,46,73,16,50781,10.3,5,0,94.7,1,11,1,1,1
1937,Sales,Associate,Full-time,Remote,34,28,33,131216,23.6,9,1,63.3,0,3,0,3,0
1938,Sales,Team Lead,Full-time,Onsite,39,79,31,41004,10.9,23,1,70.9,0,41,0,1,1
1939,Finance,Manager,Full-time,Remote,42,66,22,137178,24.6,4,0,68.0,0,4,0,1,0
1940,Engineering,Senior Associate,Full-time,Onsite,22,71,34,87600,1.4,23,0,95.7,0,25,0,1,0
1941,Sales,Manager,Full-time,Remote,57,47,32,55515,17.9,6,1,86.2,0,35,0,0,1
1942,Engineering,Team Lead,Contract,Remote,29,82,24,110952,14.5,6,1,89.9,0,58,1,0,0
1943,Engineering,Manager,Full-time,Onsite,42,86,20,101688,12.5,22,0,48.0,1,15,0,0,0
1944,Engineering,Team Lead,Full-time,Onsite,42,114,33,102708,24.3,24,1,87.5,0,4,1,2,1
1945,Operations,Team Lead,Full-time,Remote,48,10,18,147582,3.2,21,0,66.0,0,25,0,0,0
1946,Marketing,Senior Associate,Contract,Remote,40,118,26,33185,22.4,21,0,41.4,0,18,1,0,0
1947,Engineering,Associate,Full-time,Remote,44,114,8,120888,17.3,26,0,43.6,1,55,0,0,0
1948,Operations,Team Lead,Full-time,Hybrid,56,33,4,147420,6.5,8,0,80.7,0,5,1,0,0
1949,Finance,Team Lead,Full-time,Onsite,26,7,4,84476,22.5,14,0,62.3,1,23,0,1,1
1950,Sales,Senior Associate,Full-time,Hybrid,29,3,24,126279,10.7,5,0,92.1,1,30,1,2,0
1951,Marketing,Team Lead,Full-time,Hybrid,32,14,25,61212,20.4,15,0,84.1,1,30,0,1,0
1952,Sales,Associate,Full-time,Onsite,37,44,18,122154,9.7,6,0,41.3,1,52,0,0,1
1953,Marketing,Senior Associate,Full-time,Onsite,45,46,29,104697,21.3,14,0,81.2,0,6,1,1,0
1954,Sales,Associate,Full-time,Hybrid,42,61,35,78533,15.9,22,1,51.5,1,9,1,0,1
1955,Marketing,Associate,Full-time,Onsite,44,36,15,113003,3.5,1,1,65.4,0,38,1,0,0
1956,Sales,Senior Associate,Full-time,Remote,29,13,6,117125,16.2,28,0,77.5,1,21,0,1,0
1957,Sales,Team Lead,Full-time,Remote,28,16,17,67630,4.8,27,1,92.4,1,13,2,1,0
1958,Sales,Associate,Full-time,Hybrid,23,80,20,98606,10.3,7,0,67.4,1,27,1,1,0
1959,Sales,Associate,Full-time,Hybrid,51,118,30,140244,4.3,11,0,88.5,0,41,0,1,1
1960,Finance,Associate,Full-time,Onsite,34,5,0,104099,0.6,10,1,87.0,0,51,1,2,0
1961,Engineering,Associate,Full-time,Onsite,44,116,2,120790,5.3,5,0,64.9,0,21,0,0,0
1962,HR,Senior Associate,Full-time,Hybrid,50,89,30,143235,13.4,19,0,70.1,0,56,0,0,1
1963,Operations,Senior Associate,Contract,Hybrid,41,38,24,46585,12.0,26,0,82.0,0,31,0,0,0
1964,HR,Manager,Full-time,Remote,54,102,7,125833,12.5,12,0,41.9,0,10,0,0,0
1965,HR,Manager,Full-time,Remote,50,50,0,79240,6.2,22,0,93.4,1,13,1,1,0
1966,Marketing,Associate,Full-time,Onsite,36,38,6,44772,17.1,15,1,86.2,0,30,0,1,0
1967,Engineering,Team Lead,Full-time,Remote,44,103,6,109991,17.6,7,0,55.0,0,43,0,0,0
1968,Marketing,Associate,Full-time,Onsite,24,56,7,101835,8.9,16,1,98.9,0,3,0,4,0
1969,Engineering,Team Lead,Full-time,Onsite,50,63,18,105724,22.0,25,1,50.8,1,44,1,3,1
1970,Engineering,Associate,Full-time,Onsite,29,48,16,140990,16.1,28,0,94.8,1,21,0,1,1
1971,Sales,Manager,Full-time,Remote,43,105,10,142315,17.8,12,0,59.5,0,53,0,0,0
1972,Finance,Manager,Full-time,Hybrid,50,90,10,120299,6.9,3,0,85.8,0,28,0,0,0
1973,Sales,Team Lead,Full-time,Hybrid,23,59,1,128053,0.0,19,0,67.4,0,34,0,1,0
1974,Finance,Associate,Full-time,Remote,22,77,3,117091,21.6,9,0,84.2,1,12,1,1,1
1975,Marketing,Team Lead,Full-time,Hybrid,41,44,27,124859,20.6,24,1,49.3,0,19,0,0,1
1976,Finance,Manager,Full-time,Onsite,42,115,32,47938,3.1,28,1,56.2,0,18,1,0,0
1977,Marketing,Associate,Full-time,Hybrid,29,90,10,51983,9.4,21,0,46.0,0,14,3,0,1
1978,HR,Associate,Contract,Remote,48,55,2,42874,16.5,19,0,91.9,0,50,1,1,0
1979,HR,Team Lead,Contract,Hybrid,56,55,4,120341,16.3,15,0,57.8,1,25,1,0,1
1980,Finance,Senior Associate,Full-time,Onsite,27,1,20,90896,21.5,28,0,81.7,0,59,0,0,0
1981,Finance,Team Lead,Full-time,Onsite,40,8,21,76209,3.5,16,1,89.2,0,19,0,0,0
1982,Marketing,Manager,Full-time,Remote,39,4,10,62822,10.7,7,1,94.1,0,35,0,1,0
1983,Sales,Manager,Full-time,Remote,22,85,21,50750,2.4,10,0,46.4,1,5,2,0,0
1984,Marketing,Manager,Full-time,Remote,46,86,12,132335,9.7,24,0,93.6,0,14,0,0,0
1985,Sales,Manager,Full-time,Onsite,48,115,2,72083,0.4,4,0,51.8,1,3,1,1,0
1986,HR,Manager,Full-time,Hybrid,28,53,12,147828,22.5,20,0,84.2,0,5,0,0,0
1987,Engineering,Senior Associate,Contract,Hybrid,50,58,27,57946,13.2,25,0,83.7,1,1,1,2,0
1988,Finance,Associate,Full-time,Remote,52,37,10,31552,21.2,15,0,40.5,1,35,0,0,0
1989,Sales,Team Lead,Full-time,Hybrid,57,49,10,125585,1.5,23,0,53.2,0,49,0,0,0
1990,Marketing,Team Lead,Full-time,Hybrid,40,67,20,103331,5.7,7,0,69.5,0,14,0,1,0
1991,HR,Manager,Full-time,Remote,27,19,20,35271,6.5,20,0,65.2,0,11,0,0,0
1992,Sales,Team Lead,Full-time,Remote,46,1,6,110201,9.7,15,0,95.1,1,39,0,0,0
1993,Marketing,Manager,Full-time,Onsite,52,29,16,95651,20.1,3,0,61.6,0,43,0,2,0
1994,Finance,Senior Associate,Full-time,Onsite,30,87,13,131917,9.7,5,0,96.2,0,40,0,0,0
1995,Finance,Senior Associate,Full-time,Onsite,41,33,32,58994,5.1,25,0,67.6,0,6,1,1,0
1996,Operations,Associate,Full-time,Onsite,31,119,10,57186,1.6,20,0,97.9,0,21,0,0,0
1997,Engineering,Senior Associate,Full-time,Hybrid,48,52,12,60267,2.0,7,1,84.2,0,7,0,1,0
1998,Operations,Senior Associate,Full-time,Hybrid,34,41,0,69140,19.0,8,0,89.8,1,51,0,0,0
1999,HR,Associate,Full-time,Onsite,23,23,33,144434,11.1,12,0,46.3,1,41,0,1,1
2000,Sales,Team Lead,Full-time,Onsite,42,5,8,54935,18.2,16,1,75.2,0,10,0,1,0
2001,HR,Manager,Full-time,Remote,54,71,12,61748,17.1,8,0,48.6,0,1,2,2,1
2002,Marketing,Manager,Full-time,Hybrid,45,57,29,120139,3.4,12,1,57.9,0,29,0,0,1
2003,Finance,Team Lead,Full-time,Hybrid,55,6,6,33837,3.6,8,0,77.4,1,3,0,0,0
2004,Operations,Associate,Full-time,Onsite,30,49,13,94875,18.9,5,0,83.6,0,52,0,1,0
2005,Operations,Team Lead,Contract,Hybrid,23,22,5,131837,18.0,26,0,42.4,0,24,1,1,0
2006,Operations,Senior Associate,Full-time,Remote,51,113,33,92694,9.5,9,0,71.9,0,20,2,0,0
2007,HR,Associate,Full-time,Remote,43,77,15,39610,1.9,4,0,73.9,1,24,0,0,0
2008,Finance,Associate,Full-time,Hybrid,32,76,35,58615,0.3,6,0,44.7,0,8,0,0,0
2009,Sales,Associate,Contract,Onsite,38,4,5,106644,7.2,10,1,70.0,0,7,0,2,0
2010,Marketing,Manager,Full-time,Hybrid,57,72,7,134135,0.2,23,0,82.8,0,4,1,1,0
2011,Sales,Team Lead,Full-time,Remote,34,64,23,52347,5.8,8,0,43.2,0,45,0,2,1
2012,HR,Associate,Full-time,Onsite,28,37,2,64062,10.5,24,0,85.6,0,27,1,0,0
2013,Marketing,Associate,Full-time,Hybrid,37,31,3,85122,3.0,9,1,74.6,0,1,0,2,0
2014,Operations,Associate,Full-time,Onsite,54,37,31,78431,2.6,10,1,90.0,0,20,0,2,0
2015,Engineering,Team Lead,Full-time,Onsite,22,45,0,103086,22.4,2,1,53.1,1,58,1,1,0
2016,HR,Manager,Full-time,Remote,32,90,33,58205,14.6,28,0,90.0,0,48,0,0,1
2017,HR,Senior Associate,Contract,Onsite,27,107,8,48459,23.4,7,0,45.7,0,7,0,1,0
2018,Finance,Manager,Full-time,Hybrid,41,8,11,142134,8.6,16,0,64.2,0,33,0,0,1
2019,Sales,Associate,Full-time,Onsite,56,40,9,141335,16.9,6,0,52.0,0,22,0,1,0
2020,HR,Manager,Full-time,Onsite,47,97,9,53750,5.1,11,1,92.6,0,14,1,2,0
2021,HR,Manager,Full-time,Hybrid,33,109,22,140173,15.5,15,1,82.3,1,26,0,0,0
2022,Operations,Senior Associate,Full-time,Remote,51,93,5,57729,3.2,14,0,41.5,0,1,3,1,0
2023,Operations,Team Lead,Full-time,Remote,49,5,23,149895,0.1,20,0,40.6,1,27,0,0,1
2024,Marketing,Team Lead,Full-time,Hybrid,48,28,23,68585,23.3,28,0,57.5,1,10,0,2,1
2025,Engineering,Manager,Full-time,Hybrid,40,117,20,113698,13.9,12,0,48.6,1,45,1,1,1
2026,Finance,Manager,Full-time,Remote,26,104,30,75635,23.2,17,0,77.8,1,20,0,0,0
2027,Engineering,Team Lead,Full-time,Onsite,26,81,29,74854,8.3,17,0,79.8,0,41,0,1,0
2028,Marketing,Team Lead,Full-time,Hybrid,48,119,33,106226,8.2,23,1,96.5,0,31,0,0,0
2029,Operations,Senior Associate,Full-time,Onsite,49,87,17,59104,10.0,4,0,97.1,1,31,1,2,0
2030,Sales,Associate,Full-time,Hybrid,47,109,11,112293,17.7,13,1,79.5,0,6,1,1,0
2031,Operations,Manager,Contract,Remote,48,9,34,44770,14.1,27,0,40.3,0,21,1,0,0
2032,Finance,Team Lead,Contract,Onsite,42,2,6,142633,23.1,10,0,61.5,0,13,0,0,0
2033,Operations,Manager,Full-time,Onsite,22,63,24,105993,0.6,2,0,70.8,0,12,0,0,0
2034,Finance,Manager,Full-time,Hybrid,49,96,5,138338,17.7,16,0,70.0,0,20,0,0,0
2035,Finance,Team Lead,Full-time,Onsite,36,51,0,47957,8.3,26,0,76.2,1,21,0,1,0
2036,Finance,Senior Associate,Full-time,Hybrid,38,116,15,85178,4.5,22,0,97.6,0,33,0,0,0
2037,Marketing,Manager,Full-time,Remote,47,113,3,125155,12.8,26,0,93.1,1,9,2,1,0
2038,Finance,Senior Associate,Full-time,Onsite,41,31,28,50828,12.6,11,1,46.5,0,0,0,1,0
2039,Finance,Team Lead,Full-time,Hybrid,46,7,27,47171,3.4,2,0,56.0,0,0,0,0,1
2040,Sales,Associate,Full-time,Onsite,34,30,21,129849,5.0,22,1,90.0,0,23,0,1,0
2041,Engineering,Associate,Full-time,Hybrid,54,58,7,91465,10.2,27,0,89.5,0,2,0,0,0
2042,HR,Manager,Full-time,Hybrid,46,3,31,141663,10.2,1,0,56.5,0,30,0,0,0
2043,Engineering,Team Lead,Full-time,Hybrid,29,51,32,43146,7.9,3,0,83.8,1,42,1,0,1
2044,Finance,Senior Associate,Full-time,Remote,26,115,12,76266,3.7,17,1,80.3,0,50,0,1,0
2045,Sales,Manager,Full-time,Onsite,27,56,26,75939,0.1,19,0,68.4,0,40,1,1,0
2046,Operations,Team Lead,Full-time,Remote,44,73,17,44202,24.3,20,0,52.1,0,12,0,0,0
2047,Sales,Team Lead,Full-time,Hybrid,51,10,17,67142,23.6,13,0,93.3,0,53,0,2,0
2048,Finance,Senior Associate,Full-time,Hybrid,35,61,12,93828,12.1,7,0,80.7,0,3,1,0,0
2049,Sales,Manager,Full-time,Remote,44,110,21,117367,24.9,1,1,50.1,0,51,0,0,0
2050,Sales,Team Lead,Full-time,Remote,32,50,13,89046,16.8,25,0,82.3,1,22,0,0,0
2051,Finance,Team Lead,Full-time,Onsite,52,47,10,39849,1.7,18,0,84.5,1,5,0,0,1
2052,Marketing,Team Lead,Full-time,Hybrid,27,90,21,89272,2.9,9,1,93.2,0,33,0,0,0
2053,Sales,Senior Associate,Full-time,Remote,32,1,35,50439,22.9,27,0,53.4,0,40,0,1,0
2054,HR,Manager,Full-time,Hybrid,34,94,16,112526,15.8,28,0,99.3,0,17,0,1,0
2055,HR,Manager,Full-time,Hybrid,33,57,31,108872,21.1,4,0,49.2,1,55,1,2,1
2056,Sales,Manager,Full-time,Onsite,23,38,13,65344,22.5,10,1,76.0,1,35,0,1,0
2057,Marketing,Manager,Contract,Onsite,56,62,28,118489,11.2,27,1,79.4,1,25,0,2,1
2058,Operations,Associate,Full-time,Onsite,57,79,5,83276,1.2,27,0,65.1,0,32,0,1,0
2059,Finance,Associate,Full-time,Remote,38,89,3,35051,4.7,8,1,68.5,0,32,0,0,0
2060,HR,Manager,Full-time,Hybrid,49,70,10,79474,1.7,15,0,93.5,0,24,0,0,0
2061,Operations,Senior Associate,Full-time,Remote,49,82,9,105604,4.7,25,0,78.7,1,51,0,0,0
2062,Sales,Associate,Contract,Remote,43,65,27,46967,10.3,26,0,69.8,1,16,0,1,0
2063,Operations,Team Lead,Full-time,Onsite,28,62,10,51773,3.0,4,0,47.7,0,50,1,1,1
2064,Engineering,Associate,Full-time,Hybrid,36,56,34,139305,4.2,14,0,40.4,1,2,0,1,1
2065,HR,Team Lead,Full-time,Hybrid,53,67,14,126550,11.1,13,1,47.5,1,54,0,0,1
2066,Sales,Manager,Full-time,Onsite,32,17,7,104383,8.5,8,0,97.4,0,21,1,2,0
2067,Finance,Associate,Full-time,Hybrid,45,112,19,100417,11.7,19,1,85.8,1,55,1,0,1
2068,Marketing,Senior Associate,Full-time,Onsite,24,8,20,71182,10.7,25,0,98.0,0,54,0,0,1
2069,Sales,Associate,Full-time,Remote,51,60,0,146810,16.1,4,0,42.1,0,48,0,0,0
2070,Finance,Associate,Full-time,Remote,27,113,28,93589,23.4,14,0,80.8,0,34,1,0,0
2071,Marketing,Associate,Full-time,Onsite,23,40,23,103235,2.7,8,0,42.7,0,56,1,0,1
2072,Marketing,Manager,Contract,Remote,35,81,29,54180,2.5,3,1,86.9,1,3,0,0,0
2073,Sales,Senior Associate,Full-time,Remote,39,89,34,144349,21.3,20,0,62.9,0,58,0,1,0
2074,Operations,Associate,Full-time,Onsite,52,62,32,94372,12.7,20,1,45.7,0,27,0,1,0
2075,Operations,Senior Associate,Full-time,Remote,34,41,19,81372,19.2,3,1,74.1,0,58,0,1,1
2076,Marketing,Manager,Full-time,Hybrid,47,12,15,133427,5.4,19,0,56.8,0,12,1,0,0
2077,Operations,Team Lead,Full-time,Remote,33,93,8,144515,20.7,26,0,79.6,0,29,0,1,0
2078,Engineering,Associate,Full-time,Onsite,39,89,30,99086,23.1,20,0,79.5,0,46,0,1,1
2079,Marketing,Senior Associate,Full-time,Hybrid,30,115,16,52163,15.9,27,0,82.3,0,11,1,1,0
2080,Marketing,Senior Associate,Full-time,Hybrid,42,100,30,138938,2.6,21,0,99.5,1,2,2,1,0
2081,Finance,Manager,Contract,Remote,45,117,22,93089,22.4,6,0,63.2,1,20,0,0,0
2082,Operations,Associate,Full-time,Hybrid,55,54,5,149616,19.8,14,0,67.9,0,39,0,0,0
2083,Marketing,Team Lead,Full-time,Onsite,29,89,29,125211,18.8,21,1,88.3,1,0,0,0,0
2084,Engineering,Senior Associate,Contract,Hybrid,54,93,6,140481,0.9,16,0,74.7,1,17,0,0,0
2085,Finance,Associate,Full-time,Remote,44,11,10,62934,20.0,17,0,42.2,0,12,1,1,1
2086,Sales,Team Lead,Full-time,Remote,34,60,33,85595,3.4,6,0,90.6,1,6,0,1,1
2087,Marketing,Senior Associate,Full-time,Hybrid,35,68,11,56592,5.6,29,1,43.1,1,12,0,1,1
2088,Engineering,Senior Associate,Full-time,Onsite,35,78,26,136613,14.4,18,0,50.2,0,16,0,1,0
2089,HR,Team Lead,Contract,Onsite,37,46,11,53039,6.6,27,0,46.1,0,44,0,0,1
2090,Engineering,Team Lead,Contract,Remote,47,38,12,94099,16.5,9,1,44.7,1,31,0,1,0
2091,Engineering,Manager,Full-time,Remote,47,61,7,138305,15.2,26,1,41.5,0,28,1,1,0
2092,Finance,Associate,Full-time,Onsite,22,17,15,119262,2.7,12,1,43.3,1,44,0,0,1
2093,Sales,Associate,Full-time,Hybrid,53,66,28,130510,16.4,1,0,66.5,0,29,0,0,0
2094,HR,Manager,Full-time,Hybrid,36,72,34,64018,23.1,21,1,55.2,0,10,0,2,0
2095,Operations,Senior Associate,Full-time,Hybrid,42,36,28,83158,4.0,26,0,47.6,0,13,1,0,0
2096,Operations,Team Lead,Full-time,Hybrid,39,74,30,34558,14.9,19,1,79.5,0,52,0,0,0
2097,Engineering,Team Lead,Contract,Onsite,51,7,12,62174,8.5,27,0,53.6,1,9,0,1,1
2098,Finance,Team Lead,Contract,Remote,34,100,11,125941,11.5,10,1,41.1,0,7,0,2,0
2099,Finance,Senior Associate,Full-time,Remote,45,16,1,72631,7.2,4,1,65.1,1,30,1,0,1
2100,Operations,Team Lead,Full-time,Hybrid,51,14,32,97687,8.9,5,0,58.6,0,5,0,0,0
2101,HR,Team Lead,Full-time,Onsite,23,80,7,133381,0.7,2,1,59.1,1,18,1,1,0
2102,Sales,Manager,Full-time,Onsite,40,25,31,45552,24.5,0,0,66.7,1,54,1,1,1
2103,HR,Senior Associate,Full-time,Hybrid,46,105,27,65065,15.6,2,0,80.1,0,18,0,0,0
2104,Marketing,Associate,Full-time,Hybrid,35,4,14,137532,12.5,2,0,77.0,1,11,0,0,0
2105,Marketing,Manager,Full-time,Hybrid,27,29,22,32614,9.6,21,1,96.2,0,52,1,2,1
2106,Sales,Manager,Full-time,Remote,33,56,23,64647,13.5,3,0,71.1,1,38,1,1,1
2107,Operations,Associate,Full-time,Hybrid,41,6,12,87940,9.5,6,0,68.4,0,49,0,0,1
2108,Sales,Manager,Contract,Remote,44,1,20,30620,9.0,28,0,52.8,1,57,0,0,0
2109,Finance,Senior Associate,Full-time,Onsite,51,39,11,53082,11.6,14,1,85.3,1,51,0,1,1
2110,Marketing,Team Lead,Full-time,Onsite,51,1,12,51891,6.9,10,1,48.4,0,17,2,1,1
2111,Engineering,Senior Associate,Full-time,Remote,51,115,22,136566,4.5,17,0,69.5,0,54,0,0,0
2112,Engineering,Associate,Full-time,Remote,51,104,27,92395,13.9,11,0,65.3,0,2,1,0,0
2113,Operations,Associate,Contract,Remote,57,63,13,80955,21.1,3,0,79.5,0,8,1,2,0
2114,Finance,Manager,Full-time,Remote,55,57,16,62314,3.8,23,0,95.1,0,58,0,0,1
2115,HR,Senior Associate,Full-time,Hybrid,37,67,23,53500,0.8,10,0,96.8,0,5,1,0,0
2116,Finance,Senior Associate,Full-time,Onsite,45,65,33,83685,6.2,5,0,50.1,0,0,0,0,0
2117,Engineering,Associate,Full-time,Hybrid,35,65,21,94783,24.5,25,1,55.7,0,41,0,0,1
2118,Engineering,Senior Associate,Full-time,Remote,47,103,9,130229,20.7,18,0,88.7,1,39,0,0,1
2119,Marketing,Associate,Full-time,Hybrid,29,21,7,80189,14.9,25,0,71.1,1,28,1,1,0
2120,Finance,Senior Associate,Full-time,Hybrid,35,109,20,123554,23.2,27,0,67.2,1,54,1,2,0
2121,Finance,Senior Associate,Full-time,Onsite,52,30,6,49567,11.1,17,0,82.6,0,48,0,1,0
2122,Engineering,Senior Associate,Full-time,Hybrid,23,96,25,55978,24.6,14,0,76.1,0,34,1,1,0
2123,HR,Associate,Full-time,Onsite,25,33,12,106089,7.4,2,0,98.2,0,34,0,0,1
2124,Operations,Manager,Full-time,Remote,22,48,15,39630,6.0,16,1,75.0,1,29,0,1,1
2125,Operations,Senior Associate,Full-time,Hybrid,41,22,29,42003,16.0,0,0,68.0,0,34,1,0,1
2126,Finance,Associate,Contract,Remote,35,94,30,71444,9.5,1,0,72.6,0,38,0,0,0
2127,Operations,Associate,Contract,Onsite,46,54,4,116184,15.7,29,1,88.5,0,21,0,0,0
2128,Engineering,Senior Associate,Full-time,Remote,46,110,31,61607,7.6,18,1,76.8,1,42,0,1,1
2129,Engineering,Senior Associate,Full-time,Remote,24,4,15,133202,15.4,28,1,78.8,0,27,0,0,0
2130,Finance,Manager,Full-time,Onsite,26,87,8,54821,6.9,8,1,98.3,0,17,0,0,0
2131,Finance,Associate,Full-time,Remote,47,55,21,44601,1.3,7,1,77.1,0,31,1,0,0
2132,Marketing,Associate,Full-time,Remote,25,44,13,75904,22.8,11,0,62.8,1,4,0,1,0
2133,Finance,Team Lead,Full-time,Remote,28,89,15,142882,22.1,26,1,81.5,0,53,1,1,0
2134,HR,Associate,Full-time,Hybrid,51,12,19,101657,24.3,26,0,79.6,1,59,0,0,0
2135,Operations,Manager,Full-time,Remote,51,81,14,68557,17.9,14,0,40.8,1,33,0,1,0
2136,Finance,Team Lead,Contract,Onsite,40,117,25,82523,17.1,24,0,68.0,1,30,1,0,0
2137,Sales,Team Lead,Full-time,Hybrid,56,79,8,111846,14.0,22,0,84.6,0,45,0,0,0
2138,Marketing,Team Lead,Full-time,Hybrid,54,74,0,80502,3.1,6,0,69.9,1,32,0,0,0
2139,Sales,Senior Associate,Full-time,Onsite,54,99,34,52098,4.7,20,0,86.8,1,3,1,0,0
2140,Engineering,Senior Associate,Full-time,Remote,35,119,19,75902,7.2,15,0,67.1,0,13,1,0,0
2141,Operations,Associate,Contract,Hybrid,31,116,5,148502,22.3,6,1,99.0,0,14,0,1,0
2142,Finance,Team Lead,Full-time,Hybrid,49,52,9,119067,4.3,19,1,57.6,1,59,0,2,1
2143,Sales,Manager,Full-time,Hybrid,35,93,32,69253,23.1,20,0,45.5,0,19,0,2,1
2144,Operations,Senior Associate,Full-time,Remote,57,76,15,105516,13.1,11,1,65.8,1,19,0,0,1
2145,Engineering,Manager,Full-time,Hybrid,37,65,35,131929,17.9,16,0,72.5,0,48,0,0,1
2146,HR,Manager,Full-time,Onsite,42,65,5,74280,2.8,10,1,60.9,1,34,0,0,1
2147,Marketing,Senior Associate,Full-time,Remote,49,10,18,38951,6.7,3,0,54.5,0,54,0,0,1
2148,Operations,Senior Associate,Full-time,Onsite,54,18,30,38117,24.0,18,0,80.3,1,3,0,0,0
2149,Operations,Senior Associate,Full-time,Onsite,27,47,1,55979,6.7,1,0,62.6,0,17,0,0,0
2150,HR,Senior Associate,Full-time,Hybrid,36,66,17,104525,7.4,1,0,77.9,1,23,2,3,1
2151,Operations,Team Lead,Full-time,Hybrid,24,49,27,46915,4.9,23,0,86.7,0,26,0,3,1
2152,Engineering,Team Lead,Full-time,Hybrid,56,72,3,89261,3.2,16,0,85.7,0,32,0,0,0
2153,Engineering,Team Lead,Full-time,Onsite,35,22,0,125071,5.8,23,0,62.5,0,24,0,0,1
2154,HR,Team Lead,Full-time,Remote,23,86,15,127660,16.1,8,0,74.1,1,4,0,1,0
2155,Marketing,Associate,Full-time,Hybrid,50,26,1,148825,11.4,21,0,67.0,0,17,0,0,0
2156,Finance,Team Lead,Full-time,Hybrid,25,90,35,139912,13.8,0,1,92.2,1,44,1,0,0
2157,Sales,Senior Associate,Full-time,Onsite,47,9,0,128902,3.1,9,0,92.7,1,45,0,0,0
2158,Finance,Manager,Full-time,Remote,33,21,22,102964,20.1,27,0,60.6,1,19,1,1,0
2159,Operations,Team Lead,Full-time,Onsite,23,95,25,120417,19.6,22,0,45.5,1,34,0,0,0
2160,Sales,Associate,Full-time,Hybrid,38,116,10,100440,0.5,14,1,50.1,0,54,0,1,0
2161,HR,Senior Associate,Full-time,Onsite,56,63,0,65677,9.6,20,0,62.0,1,5,1,1,0
2162,HR,Manager,Full-time,Hybrid,31,107,10,141855,1.7,14,1,73.9,1,26,0,1,0
2163,Marketing,Manager,Full-time,Remote,43,6,23,79830,19.8,24,0,79.4,0,27,1,0,1
2164,Sales,Team Lead,Full-time,Onsite,42,14,9,82536,18.4,22,0,59.9,0,10,1,0,0
2165,Engineering,Manager,Full-time,Hybrid,36,33,13,38922,22.5,20,0,80.0,0,8,2,1,0
2166,Sales,Team Lead,Full-time,Hybrid,56,71,13,126696,5.9,28,0,96.3,0,51,0,0,0
2167,Operations,Team Lead,Full-time,Hybrid,42,24,6,97561,11.4,1,0,79.1,0,27,1,1,0
2168,Engineering,Senior Associate,Full-time,Hybrid,42,73,22,43220,4.6,13,0,49.5,0,18,0,1,0
2169,HR,Senior Associate,Full-time,Onsite,42,75,21,75958,9.3,3,0,74.8,1,38,1,0,0
2170,Sales,Associate,Full-time,Hybrid,53,87,35,83380,13.1,17,1,72.5,0,53,0,0,0
2171,Finance,Senior Associate,Full-time,Onsite,26,112,26,32766,1.3,8,0,92.2,1,20,0,1,0
2172,Marketing,Senior Associate,Full-time,Hybrid,30,51,1,114018,17.9,1,0,61.0,0,30,0,0,0
2173,Finance,Team Lead,Full-time,Onsite,39,2,18,63159,13.6,1,0,65.4,0,41,0,1,0
2174,Marketing,Senior Associate,Full-time,Onsite,42,15,6,40935,20.7,17,0,75.9,0,6,0,1,0
2175,Operations,Team Lead,Full-time,Hybrid,29,35,11,33784,6.8,16,0,71.5,1,36,1,1,1
2176,Finance,Team Lead,Full-time,Hybrid,55,36,2,118586,22.6,8,1,83.1,0,24,0,0,0
2177,Sales,Senior Associate,Contract,Hybrid,31,116,4,50221,25.0,7,1,42.4,0,27,1,1,0
2178,Sales,Associate,Contract,Hybrid,45,118,7,59179,23.0,1,0,73.8,0,35,0,0,0
2179,Finance,Associate,Full-time,Remote,45,92,13,48069,19.4,1,1,47.3,0,16,1,1,0
2180,Sales,Manager,Full-time,Hybrid,53,39,35,65682,20.3,4,0,58.9,0,25,0,0,0
2181,Operations,Manager,Full-time,Hybrid,54,108,6,86268,14.3,11,0,79.7,1,27,0,0,0
2182,Engineering,Senior Associate,Full-time,Hybrid,55,4,6,121530,4.8,28,0,49.4,1,36,0,1,0
2183,Operations,Associate,Full-time,Onsite,32,64,31,141547,16.9,29,0,58.5,0,16,1,1,0
2184,Marketing,Team Lead,Full-time,Hybrid,52,74,7,124303,17.8,27,0,82.2,1,59,0,1,0
2185,Operations,Manager,Full-time,Onsite,39,6,11,107818,24.6,15,0,79.0,0,48,1,0,0
2186,Marketing,Team Lead,Full-time,Onsite,44,57,9,50110,13.5,13,0,45.5,1,16,0,0,0
2187,Sales,Manager,Full-time,Onsite,43,30,13,141269,6.8,19,1,74.6,0,32,0,0,0
2188,Engineering,Senior Associate,Full-time,Onsite,39,118,8,61232,17.1,1,0,48.8,1,55,0,0,0
2189,Sales,Associate,Full-time,Remote,41,110,29,74273,24.5,23,1,55.1,1,33,0,0,0
2190,HR,Manager,Contract,Hybrid,34,99,4,100487,4.4,7,0,67.6,1,56,0,1,0
2191,Sales,Associate,Full-time,Onsite,22,113,0,85210,8.1,28,0,46.6,0,22,0,1,0
2192,Marketing,Team Lead,Full-time,Hybrid,25,107,0,103191,13.5,3,1,99.6,1,29,0,2,0
2193,Sales,Senior Associate,Full-time,Onsite,45,74,19,59461,4.3,29,0,49.9,1,26,0,0,0
2194,Sales,Associate,Contract,Remote,57,117,10,34610,0.6,19,0,86.9,1,50,1,1,1
2195,Engineering,Senior Associate,Full-time,Onsite,57,96,25,86973,8.4,8,0,89.8,0,8,0,0,0
2196,Sales,Associate,Full-time,Hybrid,23,106,2,127153,21.6,19,0,99.7,0,19,0,1,0
2197,Engineering,Team Lead,Full-time,Hybrid,49,106,5,113004,1.1,25,0,65.7,0,22,0,0,0
2198,Finance,Team Lead,Full-time,Remote,47,67,10,37583,10.7,26,0,92.4,0,46,0,0,0
2199,HR,Senior Associate,Full-time,Hybrid,44,90,7,55583,19.1,24,1,97.5,1,18,2,0,0
2200,Engineering,Team Lead,Full-time,Hybrid,36,15,28,47701,23.8,18,0,50.4,1,36,0,0,0
2201,Marketing,Manager,Full-time,Onsite,57,17,9,36880,24.6,1,0,68.8,0,44,0,1,1
2202,Finance,Associate,Contract,Hybrid,48,91,33,130653,10.5,15,0,43.6,1,3,0,1,0
2203,Engineering,Team Lead,Full-time,Onsite,27,18,23,119257,23.8,10,0,77.2,0,12,0,1,0
2204,Engineering,Manager,Full-time,Remote,56,115,16,81845,0.9,7,0,74.9,0,37,0,1,1
2205,HR,Senior Associate,Full-time,Hybrid,56,19,31,135512,18.6,11,0,52.2,0,11,0,0,0
2206,Marketing,Manager,Full-time,Onsite,57,76,10,122390,16.1,2,0,87.9,1,8,0,3,0
2207,Operations,Senior Associate,Contract,Hybrid,31,88,33,142024,6.2,12,1,42.2,1,14,0,0,1
2208,Operations,Senior Associate,Full-time,Onsite,51,69,23,102417,12.7,1,0,88.4,0,20,2,0,0
2209,Engineering,Associate,Full-time,Remote,50,24,4,33722,3.2,12,1,41.6,1,14,0,1,0
2210,Sales,Associate,Full-time,Onsite,25,91,28,50077,21.8,26,0,79.4,0,48,0,0,0
2211,Marketing,Manager,Full-time,Hybrid,26,48,33,110868,8.9,7,0,44.7,0,4,3,1,1
2212,Finance,Associate,Full-time,Onsite,25,30,15,149080,15.7,14,0,55.1,0,4,0,1,0
2213,Sales,Associate,Full-time,Hybrid,57,15,24,135528,4.0,23,1,83.3,0,24,0,1,1
2214,Sales,Associate,Full-time,Remote,37,47,7,43229,5.2,20,0,56.8,1,23,0,0,0
2215,Marketing,Manager,Full-time,Onsite,46,102,28,103338,24.8,8,1,70.7,1,36,0,0,0
2216,Engineering,Team Lead,Full-time,Hybrid,35,44,24,91679,18.8,10,1,94.9,0,52,0,2,1
2217,Engineering,Associate,Full-time,Hybrid,32,98,22,117637,24.0,21,1,43.0,0,30,1,1,1
2218,Engineering,Associate,Contract,Hybrid,50,27,33,41439,7.4,20,0,88.7,0,45,0,1,1
2219,Engineering,Manager,Full-time,Onsite,55,84,2,65902,4.1,27,1,43.9,0,33,1,0,0
2220,Operations,Team Lead,Full-time,Onsite,43,64,29,32598,12.6,2,1,47.6,0,40,2,0,1
2221,Engineering,Associate,Full-time,Onsite,35,41,33,122297,12.4,6,0,47.2,0,13,0,0,1
2222,Operations,Senior Associate,Full-time,Remote,45,96,31,34052,4.4,13,1,99.6,1,26,0,1,0
2223,Operations,Manager,Full-time,Hybrid,47,68,28,42741,18.3,14,1,50.8,0,46,1,0,1
2224,Engineering,Associate,Contract,Hybrid,57,5,8,99360,9.0,8,0,93.8,0,3,1,0,0
2225,HR,Associate,Full-time,Remote,37,53,1,66288,4.7,19,0,99.5,1,22,2,0,0
2226,Finance,Senior Associate,Contract,Remote,53,8,6,31249,8.3,10,0,63.0,0,57,0,2,1
2227,Sales,Senior Associate,Full-time,Onsite,27,22,4,52970,14.1,6,0,77.9,0,37,0,1,0
2228,Operations,Manager,Full-time,Onsite,55,106,7,45565,18.2,11,0,86.7,0,45,0,1,0
2229,Marketing,Manager,Contract,Onsite,29,7,31,86995,12.0,18,0,63.6,0,4,0,0,0
2230,Marketing,Senior Associate,Full-time,Onsite,51,22,17,113994,13.1,26,0,49.7,0,26,0,2,1
2231,Finance,Manager,Contract,Onsite,48,46,17,81656,3.5,17,0,66.0,0,42,0,2,0
2232,Marketing,Senior Associate,Full-time,Onsite,28,30,15,92134,22.9,12,1,86.3,1,52,1,0,1
2233,HR,Associate,Contract,Remote,48,101,20,75765,23.2,10,0,86.8,1,13,1,0,0
2234,Marketing,Senior Associate,Full-time,Remote,46,16,9,32014,17.1,0,1,53.8,1,6,0,2,0
2235,Sales,Senior Associate,Full-time,Remote,36,79,3,100480,0.4,5,0,50.5,0,45,0,1,0
2236,Sales,Team Lead,Full-time,Hybrid,46,5,7,129252,13.4,20,1,95.2,0,44,0,0,0
2237,Operations,Senior Associate,Full-time,Hybrid,43,67,18,144794,15.7,1,1,42.6,0,17,0,0,0
2238,Engineering,Senior Associate,Full-time,Onsite,39,23,8,138987,24.9,12,0,84.1,0,31,0,0,1
2239,HR,Team Lead,Full-time,Remote,33,61,29,44012,24.9,12,0,42.8,0,56,1,1,1
2240,Operations,Manager,Full-time,Hybrid,44,74,16,132996,21.4,18,0,90.3,0,1,0,0,0
2241,HR,Team Lead,Full-time,Hybrid,46,5,14,87498,1.6,8,1,94.3,0,40,0,0,0
2242,Engineering,Associate,Full-time,Remote,31,23,3,98776,23.8,18,1,57.8,0,42,1,1,1
2243,Marketing,Team Lead,Full-time,Hybrid,51,79,5,91711,15.3,22,0,44.4,0,19,1,0,1
2244,Marketing,Associate,Full-time,Hybrid,31,82,15,72530,20.0,0,0,68.8,0,28,0,0,0
2245,Engineering,Manager,Full-time,Remote,55,25,25,109267,10.2,22,0,57.9,0,57,0,0,0
2246,Operations,Team Lead,Full-time,Hybrid,34,8,22,149991,8.0,24,0,65.0,0,42,1,1,0
2247,Engineering,Team Lead,Full-time,Remote,50,95,12,48018,11.6,27,1,79.9,0,25,0,1,1
2248,Finance,Manager,Full-time,Hybrid,30,21,16,138434,3.7,26,0,52.6,0,37,0,0,0
2249,Sales,Associate,Contract,Remote,34,2,26,47916,8.9,7,1,61.4,0,0,0,0,0
2250,Operations,Team Lead,Full-time,Hybrid,35,22,21,70376,21.4,22,1,87.0,0,4,0,1,0
2251,HR,Associate,Full-time,Hybrid,30,72,18,123140,0.9,25,1,78.6,0,53,0,0,0
2252,Finance,Team Lead,Full-time,Remote,29,87,34,140713,3.8,13,0,59.6,1,56,0,1,1
2253,Operations,Senior Associate,Full-time,Hybrid,24,96,12,146128,3.1,23,0,79.9,0,13,1,0,0
2254,Engineering,Team Lead,Full-time,Remote,54,72,13,95046,10.1,15,0,85.9,0,24,0,0,0
2255,Engineering,Manager,Full-time,Remote,53,68,30,88742,24.9,28,1,75.5,0,47,0,2,0
2256,Engineering,Manager,Full-time,Hybrid,28,64,1,115566,4.3,3,0,54.4,0,8,1,1,0
2257,Engineering,Associate,Full-time,Onsite,40,94,13,107125,3.6,17,0,40.0,0,29,0,1,0
2258,HR,Team Lead,Full-time,Hybrid,55,19,8,117519,22.9,13,1,88.2,1,18,0,0,1
2259,Finance,Associate,Full-time,Onsite,35,87,9,42437,22.1,29,0,89.4,1,51,0,1,0
2260,Marketing,Associate,Contract,Onsite,40,82,6,92146,0.8,26,0,81.9,0,39,0,0,0
2261,Sales,Senior Associate,Full-time,Hybrid,47,53,27,57618,18.8,8,0,44.6,0,7,0,2,0
2262,HR,Senior Associate,Full-time,Onsite,38,93,24,80767,16.4,14,0,75.1,0,15,1,1,0
2263,HR,Manager,Contract,Remote,49,87,27,39705,19.2,2,0,89.3,0,49,1,0,1
2264,Marketing,Associate,Full-time,Remote,40,97,1,87146,12.4,29,0,63.4,1,7,0,2,1
2265,Marketing,Manager,Full-time,Onsite,48,52,16,118216,24.8,26,1,51.9,0,22,2,0,1
2266,Sales,Team Lead,Full-time,Remote,40,47,3,110912,1.1,3,1,75.3,0,8,0,0,0
2267,Sales,Associate,Contract,Hybrid,54,82,12,81750,5.9,22,0,89.6,0,31,1,0,1
2268,Marketing,Associate,Contract,Remote,28,54,17,120956,9.9,17,1,42.9,0,36,1,0,1
2269,Engineering,Team Lead,Full-time,Onsite,50,44,2,74379,11.2,13,0,75.8,1,33,0,0,0
2270,HR,Team Lead,Full-time,Hybrid,26,97,32,82682,23.0,14,0,78.6,1,52,0,0,1
2271,Operations,Manager,Full-time,Remote,51,7,23,94713,14.0,7,1,76.1,1,45,0,0,0
2272,Sales,Manager,Full-time,Hybrid,29,115,7,135894,1.1,27,0,79.0,0,17,0,0,0
2273,Sales,Team Lead,Full-time,Onsite,33,92,34,147015,10.2,9,0,77.9,0,44,1,0,0
2274,Marketing,Manager,Contract,Remote,34,1,1,134869,10.4,23,0,47.8,1,43,1,0,1
2275,Finance,Team Lead,Full-time,Hybrid,47,63,32,86919,24.1,11,0,54.1,1,14,0,0,0
2276,Operations,Associate,Full-time,Hybrid,39,103,11,90384,15.0,20,0,77.1,0,52,0,0,0
2277,Operations,Associate,Full-time,Remote,41,98,21,81128,15.9,8,1,41.1,1,14,1,0,0
2278,Sales,Senior Associate,Full-time,Hybrid,37,39,12,31835,17.8,7,0,78.1,0,28,0,1,0
2279,Engineering,Associate,Full-time,Hybrid,24,19,9,51283,19.3,16,1,79.9,0,56,1,2,0
2280,Finance,Team Lead,Full-time,Onsite,48,31,16,79506,15.9,8,0,54.4,0,22,2,0,1
2281,Operations,Manager,Contract,Onsite,36,77,4,138101,5.9,12,0,75.9,0,22,0,0,0
2282,Sales,Senior Associate,Contract,Onsite,55,24,8,83625,21.9,29,0,72.0,1,0,1,0,0
2283,Operations,Manager,Full-time,Onsite,43,69,12,65963,18.3,13,0,55.6,0,56,0,0,0
2284,Finance,Team Lead,Contract,Onsite,44,87,22,142172,18.5,4,1,67.8,1,21,0,1,1
2285,Finance,Associate,Full-time,Onsite,25,83,29,39179,24.9,8,0,94.6,0,6,0,2,0
2286,HR,Senior Associate,Full-time,Remote,44,65,3,124440,20.1,24,0,65.6,0,44,2,0,1
2287,Marketing,Team Lead,Full-time,Onsite,30,33,20,136649,20.7,25,0,77.8,1,31,1,0,0
2288,Marketing,Senior Associate,Full-time,Hybrid,45,59,8,129210,23.8,25,0,42.1,0,27,1,0,0
2289,Sales,Senior Associate,Contract,Remote,42,114,6,41955,3.8,15,0,44.7,1,49,0,0,0
2290,Finance,Associate,Full-time,Hybrid,37,33,15,144072,12.4,18,0,44.9,0,31,1,1,0
2291,HR,Team Lead,Full-time,Onsite,46,32,22,37198,14.5,23,0,86.7,0,32,1,0,0
2292,HR,Manager,Full-time,Onsite,47,59,22,97156,8.2,22,0,61.0,0,42,1,1,1
2293,Operations,Senior Associate,Full-time,Hybrid,30,92,30,74588,21.0,6,1,53.7,1,12,0,1,0
2294,Operations,Senior Associate,Full-time,Hybrid,36,101,4,41766,19.1,11,0,84.8,0,51,0,0,0
2295,HR,Manager,Full-time,Hybrid,54,41,5,126626,18.0,25,1,50.2,0,27,0,2,1
2296,Operations,Team Lead,Full-time,Remote,22,12,0,83570,24.9,1,0,54.8,1,8,0,0,1
2297,Finance,Senior Associate,Full-time,Onsite,26,73,27,136827,6.5,17,0,65.9,0,56,1,0,0
2298,Engineering,Senior Associate,Full-time,Hybrid,30,114,17,99874,18.4,17,0,59.9,1,47,0,1,0
2299,Finance,Senior Associate,Full-time,Onsite,27,119,23,78679,13.8,15,0,75.1,0,42,0,0,0
2300,HR,Team Lead,Full-time,Hybrid,49,11,12,145117,7.8,28,0,60.3,0,2,0,0,1
2301,HR,Team Lead,Full-time,Onsite,47,97,32,35301,4.0,10,0,63.6,0,16,0,1,1
2302,Finance,Manager,Full-time,Remote,49,19,9,45144,22.4,1,0,91.8,0,33,0,1,0
2303,Operations,Team Lead,Full-time,Onsite,36,54,6,43784,14.9,13,1,93.1,0,31,0,0,0
2304,Operations,Team Lead,Full-time,Hybrid,27,57,31,97959,20.6,3,1,89.7,0,8,1,1,0
2305,Marketing,Associate,Contract,Onsite,48,42,21,38272,13.6,6,1,91.9,0,40,0,1,1
2306,HR,Manager,Full-time,Remote,25,98,15,31573,5.5,1,0,74.2,1,47,0,0,0
2307,Sales,Senior Associate,Full-time,Remote,32,71,23,54419,8.4,20,0,78.8,0,59,0,0,0
2308,Marketing,Team Lead,Contract,Onsite,42,31,13,112339,9.5,13,0,73.4,0,0,1,1,0
2309,Operations,Senior Associate,Full-time,Hybrid,51,52,10,128770,24.3,6,0,87.1,0,56,0,0,0
2310,Finance,Senior Associate,Full-time,Remote,39,2,18,78555,0.1,8,0,73.1,1,48,0,0,1
2311,Operations,Associate,Full-time,Remote,56,83,22,35176,24.6,7,0,46.7,0,41,1,0,0
2312,Finance,Team Lead,Contract,Onsite,24,38,33,66161,24.5,8,0,88.6,0,19,0,1,0
2313,Marketing,Manager,Contract,Remote,33,32,12,93440,24.9,6,1,85.6,0,4,0,2,1
2314,HR,Team Lead,Full-time,Remote,48,10,27,138061,11.9,18,1,89.2,0,39,0,1,0
2315,Operations,Senior Associate,Full-time,Hybrid,51,105,15,88862,24.1,16,0,51.4,0,44,0,0,0
2316,Finance,Manager,Full-time,Hybrid,42,8,27,45164,9.9,25,0,56.3,1,20,1,2,1
2317,HR,Team Lead,Contract,Hybrid,42,90,3,107758,0.7,22,1,57.7,1,4,1,3,0
2318,Sales,Senior Associate,Contract,Onsite,36,94,27,146723,5.6,12,0,70.5,1,3,0,2,0
2319,Finance,Senior Associate,Full-time,Remote,39,75,11,55379,23.6,10,0,48.0,0,56,1,1,0
2320,Marketing,Associate,Full-time,Onsite,50,105,15,121189,0.3,21,0,63.1,0,7,0,0,1
2321,Sales,Associate,Full-time,Remote,42,20,35,113552,13.6,17,0,50.9,1,24,3,1,1
2322,Sales,Associate,Full-time,Remote,38,20,19,48368,1.9,16,0,55.9,0,54,0,1,0
2323,Engineering,Senior Associate,Full-time,Remote,39,9,25,119041,7.2,27,1,82.4,1,6,0,0,0
2324,Operations,Team Lead,Full-time,Hybrid,33,72,25,62771,2.2,15,0,91.3,0,36,2,0,0
2325,Finance,Associate,Full-time,Onsite,32,15,21,94950,21.5,9,0,41.4,1,41,0,0,1
2326,Sales,Team Lead,Full-time,Onsite,41,98,8,70245,14.8,3,0,74.0,1,31,0,1,0
2327,Engineering,Associate,Contract,Remote,30,88,4,134302,22.6,29,1,42.2,1,16,1,0,1
2328,Marketing,Manager,Full-time,Onsite,22,97,16,128906,17.2,3,0,45.1,0,27,1,0,0
2329,HR,Manager,Full-time,Hybrid,24,105,33,102792,24.3,21,0,82.3,0,5,0,1,0
2330,Finance,Associate,Full-time,Onsite,42,105,1,73327,12.7,10,0,84.1,1,41,0,1,0
2331,Sales,Senior Associate,Contract,Remote,44,109,6,76454,16.0,20,0,88.8,1,47,0,0,0
2332,Operations,Associate,Full-time,Hybrid,30,63,35,123787,14.4,24,0,68.5,0,53,0,1,1
2333,Engineering,Associate,Full-time,Hybrid,40,104,12,76741,12.1,7,0,91.6,0,41,0,1,1
2334,Sales,Senior Associate,Full-time,Remote,40,91,19,61977,21.1,8,1,50.0,1,35,0,1,1
2335,Operations,Manager,Full-time,Onsite,44,21,29,128200,16.1,15,1,55.0,0,1,0,1,0
2336,Sales,Team Lead,Full-time,Remote,48,5,29,36714,20.0,9,0,48.1,1,30,0,0,1
2337,Finance,Associate,Full-time,Onsite,48,35,10,136680,19.7,22,0,87.9,1,0,0,0,0
2338,Finance,Senior Associate,Contract,Onsite,57,85,30,107237,4.8,8,0,53.7,1,2,2,2,0
2339,Finance,Associate,Full-time,Hybrid,33,68,2,44891,16.3,2,1,49.3,0,58,0,0,0
2340,Marketing,Senior Associate,Full-time,Remote,48,113,1,131555,5.0,24,0,77.4,0,12,0,0,0
2341,Marketing,Team Lead,Full-time,Hybrid,55,48,2,82299,14.6,1,1,44.6,0,30,0,1,0
2342,Engineering,Team Lead,Full-time,Remote,54,80,14,95167,16.9,8,0,42.7,1,28,1,3,0
2343,Finance,Manager,Full-time,Remote,49,95,16,95124,24.9,12,1,46.4,0,56,1,2,1
2344,Operations,Senior Associate,Full-time,Hybrid,52,90,6,123052,0.8,5,1,40.0,0,43,0,0,0
2345,Sales,Senior Associate,Full-time,Remote,53,62,4,88639,2.3,3,1,81.8,0,32,0,2,0
2346,HR,Manager,Full-time,Remote,41,116,33,70912,1.9,27,0,73.7,0,52,1,0,0
2347,Operations,Manager,Full-time,Onsite,56,35,32,144742,10.0,13,0,52.6,1,9,0,0,0
2348,Marketing,Senior Associate,Full-time,Remote,52,70,15,105452,20.5,27,0,54.0,1,37,1,2,1
2349,Marketing,Manager,Full-time,Remote,52,97,2,98446,21.1,28,0,88.7,1,8,0,0,0
2350,Operations,Team Lead,Contract,Hybrid,43,21,20,113790,18.4,10,0,70.1,0,0,0,4,0
2351,Marketing,Associate,Full-time,Hybrid,30,80,7,91516,22.4,1,0,81.9,1,43,0,1,1
2352,Finance,Team Lead,Full-time,Remote,30,111,21,74250,8.1,28,0,67.2,0,36,0,1,0
2353,Engineering,Manager,Full-time,Onsite,36,39,4,66116,2.2,25,0,54.3,0,31,1,2,0
2354,Sales,Senior Associate,Full-time,Onsite,34,34,16,113521,1.5,2,0,98.2,0,32,1,0,0
2355,Engineering,Senior Associate,Full-time,Hybrid,43,106,13,52151,21.3,4,0,73.9,0,1,0,0,0
2356,Sales,Team Lead,Contract,Remote,37,15,27,101366,18.3,24,0,47.9,0,45,1,3,1
2357,Sales,Senior Associate,Full-time,Remote,53,6,30,74297,17.5,6,0,64.4,0,1,1,0,0
2358,Engineering,Manager,Full-time,Onsite,23,66,16,70888,8.5,10,1,59.8,0,58,0,0,1
2359,Operations,Team Lead,Full-time,Onsite,47,88,34,86195,9.5,11,0,52.8,0,4,0,0,0
2360,Sales,Senior Associate,Full-time,Onsite,35,56,21,114010,24.0,28,0,96.0,0,9,0,2,0
2361,Engineering,Associate,Full-time,Hybrid,55,49,28,101016,1.6,10,0,92.9,1,51,1,1,1
2362,Sales,Associate,Full-time,Remote,29,92,9,104979,19.3,18,0,51.9,0,37,0,0,0
2363,HR,Manager,Full-time,Hybrid,57,1,17,134674,7.7,12,0,61.1,0,36,0,0,1
2364,Operations,Senior Associate,Contract,Remote,42,65,34,84334,1.0,3,1,85.7,0,1,0,0,0
2365,Finance,Manager,Full-time,Hybrid,49,28,15,128474,18.6,13,0,52.5,1,40,0,1,0
2366,Sales,Team Lead,Full-time,Remote,27,100,6,98345,8.3,11,0,75.5,0,41,0,0,0
2367,HR,Associate,Full-time,Onsite,41,20,29,69761,18.1,26,0,82.0,1,39,1,2,1
2368,Finance,Team Lead,Full-time,Onsite,52,48,18,56930,17.7,1,0,79.2,0,24,0,0,0
2369,Finance,Senior Associate,Full-time,Onsite,54,72,22,89117,13.4,29,1,82.4,0,58,1,0,1
2370,Sales,Manager,Full-time,Hybrid,28,65,7,53095,19.4,7,0,82.4,0,37,0,0,0
2371,Engineering,Manager,Contract,Onsite,29,90,16,107482,14.5,21,1,97.9,1,36,0,0,0
2372,Sales,Manager,Contract,Remote,30,51,20,33991,7.2,18,0,60.8,0,52,0,1,0
2373,HR,Team Lead,Contract,Hybrid,23,43,25,53519,18.4,12,1,92.7,0,17,0,0,0
2374,Finance,Associate,Full-time,Remote,38,49,27,56657,14.7,20,0,41.3,0,26,0,2,1
2375,Sales,Team Lead,Full-time,Hybrid,38,25,32,30826,0.3,20,0,57.3,0,19,0,0,0
2376,Engineering,Team Lead,Full-time,Remote,56,74,18,72625,22.5,27,1,42.9,1,49,0,0,1
2377,Sales,Senior Associate,Full-time,Remote,51,76,28,112049,13.6,0,0,79.1,1,33,0,0,1
2378,Operations,Senior Associate,Full-time,Hybrid,27,41,19,47801,21.7,28,0,46.0,0,43,1,0,0
2379,Engineering,Senior Associate,Full-time,Hybrid,25,71,19,59846,22.1,4,0,90.7,0,7,1,1,0
2380,HR,Associate,Full-time,Onsite,56,64,9,69566,11.1,21,0,78.8,0,3,1,0,0
2381,Finance,Associate,Full-time,Onsite,30,61,11,53157,12.7,25,0,41.7,0,59,0,0,0
2382,Sales,Senior Associate,Full-time,Remote,27,12,32,58363,10.4,25,0,82.9,0,29,1,2,0
2383,Engineering,Senior Associate,Full-time,Remote,34,111,24,80559,11.2,26,0,91.7,0,51,0,0,0
2384,Operations,Associate,Full-time,Remote,43,104,24,35136,22.4,10,0,79.7,0,54,1,1,0
2385,Engineering,Manager,Full-time,Hybrid,49,81,3,87937,19.7,10,0,41.8,1,35,0,0,0
2386,Marketing,Associate,Full-time,Hybrid,51,69,3,47421,3.2,12,0,91.5,0,8,0,3,0
2387,Operations,Associate,Full-time,Onsite,57,14,8,108027,15.3,1,1,83.9,0,40,0,0,0
2388,HR,Associate,Full-time,Remote,23,34,14,37546,24.9,18,0,62.7,0,11,1,0,0
2389,Finance,Senior Associate,Full-time,Onsite,57,48,25,101439,14.9,15,1,59.7,1,13,1,0,1
2390,HR,Manager,Full-time,Hybrid,29,61,14,76623,19.6,25,0,68.8,1,34,0,0,0
2391,Sales,Associate,Full-time,Hybrid,30,81,25,46406,19.2,4,0,92.0,0,5,0,1,0
2392,Engineering,Senior Associate,Full-time,Hybrid,22,35,27,110485,8.8,13,0,55.1,0,46,1,2,0
2393,Marketing,Team Lead,Full-time,Onsite,34,119,6,39825,9.3,28,0,46.1,0,22,0,0,0
2394,Operations,Team Lead,Full-time,Hybrid,36,65,31,101823,18.1,18,0,91.9,0,50,0,0,0
2395,Operations,Associate,Full-time,Remote,53,59,11,140497,12.5,4,0,41.6,0,3,0,2,1
2396,Engineering,Team Lead,Contract,Onsite,55,114,34,64173,14.3,20,0,94.7,1,0,0,1,0
2397,Marketing,Manager,Full-time,Hybrid,52,114,31,137974,17.8,23,1,58.3,0,58,0,1,0
2398,Engineering,Team Lead,Full-time,Onsite,35,36,8,85619,19.4,25,1,70.5,0,8,1,0,0
2399,Sales,Team Lead,Full-time,Onsite,35,79,13,113114,6.8,8,0,47.9,1,54,0,0,1
2400,HR,Manager,Full-time,Hybrid,50,19,12,137071,3.7,23,0,94.1,1,57,1,0,1
2401,Operations,Associate,Full-time,Hybrid,40,115,32,37923,7.3,11,0,85.0,0,47,1,0,0
2402,Sales,Associate,Full-time,Onsite,48,42,31,64374,12.7,15,0,95.4,1,54,0,0,1
2403,HR,Manager,Contract,Onsite,30,69,18,91713,8.6,18,0,81.0,0,8,0,1,0
2404,Sales,Manager,Full-time,Hybrid,49,19,29,71411,14.2,14,0,51.1,0,43,0,1,0
2405,Marketing,Manager,Full-time,Remote,45,107,15,94368,1.3,16,1,58.5,1,45,0,1,1
2406,Operations,Team Lead,Full-time,Onsite,49,39,11,38316,12.7,29,0,69.2,1,14,0,0,0
2407,Engineering,Manager,Contract,Onsite,57,69,9,139950,9.2,14,0,76.4,1,53,1,0,1
2408,Engineering,Senior Associate,Full-time,Remote,39,52,1,40556,13.4,2,1,95.6,0,23,0,0,0
2409,HR,Team Lead,Full-time,Hybrid,46,12,17,40058,10.6,16,0,63.0,1,52,0,1,0
2410,Finance,Associate,Full-time,Hybrid,56,83,12,134554,7.1,12,0,82.2,0,47,1,0,1
2411,Marketing,Associate,Full-time,Remote,25,47,28,129987,22.6,26,1,97.7,0,7,0,0,0
2412,HR,Associate,Full-time,Hybrid,35,76,23,55482,4.6,8,0,49.1,1,27,2,0,0
2413,Finance,Team Lead,Full-time,Hybrid,47,36,11,74494,17.0,27,0,91.8,0,41,1,2,1
2414,Sales,Senior Associate,Full-time,Onsite,29,63,28,55005,23.1,12,0,65.2,1,45,1,0,1
2415,Marketing,Manager,Full-time,Onsite,45,76,21,114671,13.5,15,0,83.9,0,16,2,3,0
2416,Sales,Manager,Contract,Onsite,37,82,35,119424,21.9,18,1,57.6,0,34,0,0,1
2417,Operations,Associate,Full-time,Remote,41,113,0,62481,3.1,13,0,60.0,1,30,0,0,0
2418,Marketing,Associate,Contract,Hybrid,36,51,33,58401,12.3,7,0,41.6,1,3,0,2,1
2419,Finance,Team Lead,Full-time,Hybrid,28,112,33,70431,11.4,21,0,98.3,0,47,0,0,0
2420,Operations,Senior Associate,Full-time,Onsite,38,43,32,94459,0.2,18,1,88.8,0,13,1,1,0
2421,Engineering,Manager,Full-time,Onsite,43,34,3,120473,11.1,24,0,45.6,1,58,0,1,1
2422,Finance,Team Lead,Full-time,Remote,43,112,29,141387,9.2,23,0,100.0,0,24,0,0,0
2423,HR,Manager,Full-time,Hybrid,33,97,19,147410,16.7,2,1,76.3,0,55,0,0,0
2424,Engineering,Associate,Full-time,Remote,39,49,25,108682,23.5,22,1,91.2,0,45,0,2,1
2425,Engineering,Manager,Full-time,Hybrid,36,18,14,125637,2.1,20,0,44.0,0,47,0,0,1
2426,HR,Senior Associate,Full-time,Remote,37,61,6,106789,8.2,17,0,63.4,1,39,2,1,1
2427,Marketing,Senior Associate,Full-time,Onsite,26,57,6,78504,11.1,15,0,80.2,0,49,1,1,0
2428,Engineering,Associate,Full-time,Remote,23,93,28,33223,11.4,13,0,46.4,1,6,1,2,1
2429,Finance,Senior Associate,Full-time,Remote,49,109,22,100977,19.4,15,0,69.3,0,30,0,0,0
2430,Operations,Senior Associate,Full-time,Onsite,48,5,33,138126,11.1,23,0,66.6,1,59,0,0,1
2431,Engineering,Team Lead,Contract,Hybrid,52,89,19,70149,0.7,16,0,53.0,0,34,0,2,0
2432,Finance,Manager,Full-time,Hybrid,57,24,14,42863,17.8,19,0,58.0,0,37,0,0,0
2433,Sales,Associate,Full-time,Onsite,22,93,32,133488,22.1,10,1,98.0,0,19,0,0,0
2434,Finance,Associate,Full-time,Remote,50,64,16,59564,12.8,12,0,57.3,0,15,0,1,0
2435,Operations,Associate,Full-time,Remote,22,59,19,112189,14.5,10,0,52.8,0,21,0,1,0
2436,Finance,Associate,Contract,Remote,29,38,12,119624,4.1,27,1,72.2,0,35,1,1,0
2437,HR,Associate,Full-time,Hybrid,37,33,23,52499,5.5,28,0,80.3,0,18,1,0,1
2438,Operations,Senior Associate,Full-time,Remote,49,10,6,137619,5.9,3,0,83.5,0,1,1,1,0
2439,Marketing,Team Lead,Full-time,Hybrid,43,37,7,119218,10.8,28,0,85.3,0,3,1,0,0
2440,Sales,Associate,Full-time,Remote,39,97,22,62132,23.2,25,0,42.2,0,57,0,0,1
2441,HR,Team Lead,Contract,Onsite,43,87,13,34533,13.0,13,0,63.6,1,33,0,1,0
2442,Marketing,Team Lead,Full-time,Onsite,33,11,3,112962,4.8,4,0,86.4,0,6,0,1,0
2443,Finance,Senior Associate,Full-time,Hybrid,40,24,20,110096,6.7,3,0,94.3,1,46,0,1,0
2444,Operations,Associate,Full-time,Hybrid,46,88,9,64409,9.6,0,0,76.1,0,48,1,2,0
2445,Sales,Senior Associate,Full-time,Onsite,26,71,21,111461,15.6,13,0,43.1,1,13,0,0,0
2446,HR,Associate,Full-time,Onsite,55,114,29,52987,11.0,6,0,63.8,0,42,0,0,1
2447,Marketing,Senior Associate,Full-time,Remote,31,21,29,40633,9.8,9,0,44.5,1,31,0,1,0
2448,Marketing,Team Lead,Full-time,Onsite,28,20,15,131601,14.1,26,0,84.9,0,16,2,0,1
2449,Sales,Associate,Contract,Hybrid,36,117,10,86207,6.0,1,1,43.8,1,36,0,0,0
2450,Finance,Manager,Full-time,Onsite,45,10,21,80535,2.0,9,0,51.1,1,54,1,1,1
2451,Sales,Team Lead,Full-time,Hybrid,47,89,28,125661,0.6,2,0,65.0,0,13,0,0,0
2452,Marketing,Manager,Full-time,Hybrid,47,47,24,33996,6.3,20,0,67.8,0,16,1,0,1
2453,Engineering,Team Lead,Contract,Remote,47,100,13,30014,2.3,7,0,64.4,1,31,0,1,0
2454,HR,Senior Associate,Full-time,Remote,31,112,13,110431,8.4,9,1,67.8,0,59,0,1,0
2455,Sales,Associate,Full-time,Remote,38,47,1,31674,19.3,7,1,82.8,0,59,1,1,1
2456,Marketing,Team Lead,Full-time,Remote,35,15,12,67867,17.9,13,0,62.2,1,51,0,0,0
2457,Finance,Senior Associate,Full-time,Onsite,23,44,2,115537,15.3,17,1,72.9,0,52,1,4,1
2458,Marketing,Associate,Full-time,Remote,34,104,29,87251,21.3,8,0,58.2,1,1,0,0,0
2459,Finance,Associate,Full-time,Onsite,48,104,17,85709,7.1,21,1,61.2,0,38,0,0,0
2460,Sales,Team Lead,Full-time,Remote,30,114,35,47864,22.1,8,0,76.8,0,3,0,1,0
2461,Finance,Associate,Full-time,Remote,28,62,20,56321,10.0,29,0,69.4,0,39,0,0,0
2462,Operations,Team Lead,Full-time,Hybrid,31,6,18,54082,10.0,3,1,83.4,0,29,0,1,0
2463,Operations,Associate,Contract,Onsite,30,101,15,147734,10.1,2,0,73.6,1,29,1,0,0
2464,Operations,Manager,Contract,Hybrid,43,66,27,70131,2.5,13,1,88.2,0,32,0,0,0
2465,Engineering,Senior Associate,Full-time,Remote,44,76,3,101493,24.4,13,0,66.6,0,41,0,2,0
2466,Sales,Manager,Full-time,Onsite,28,4,14,34210,3.5,20,0,69.5,0,0,0,3,0
2467,Marketing,Team Lead,Full-time,Remote,30,23,0,144080,8.5,15,0,80.2,1,32,1,1,0
2468,Marketing,Manager,Full-time,Hybrid,48,13,15,145663,8.0,4,0,53.3,0,35,0,3,0
2469,Engineering,Team Lead,Full-time,Onsite,45,81,19,94586,1.9,19,0,63.2,0,48,0,0,0
2470,Finance,Associate,Full-time,Hybrid,50,31,32,113605,3.8,28,0,77.5,0,30,0,0,0
2471,Engineering,Associate,Full-time,Remote,38,16,16,64851,1.1,22,0,41.7,0,36,0,0,1
2472,Finance,Team Lead,Full-time,Remote,41,41,4,56865,7.3,23,1,66.2,0,13,0,0,1
2473,Finance,Manager,Full-time,Remote,28,90,4,113606,21.7,14,0,75.9,0,5,0,0,0
2474,HR,Associate,Full-time,Onsite,28,92,12,34158,8.5,20,1,98.0,1,6,0,1,0
2475,Marketing,Senior Associate,Full-time,Hybrid,49,1,35,87852,3.1,8,0,92.6,1,39,0,2,0
2476,Operations,Associate,Full-time,Hybrid,40,111,29,79339,16.1,6,0,56.8,1,23,0,0,0
2477,Finance,Senior Associate,Full-time,Remote,41,12,3,131086,24.9,12,0,70.4,0,49,0,2,0
2478,HR,Manager,Full-time,Hybrid,28,101,22,50572,5.8,28,1,43.4,0,59,0,0,0
2479,Marketing,Senior Associate,Full-time,Onsite,27,119,20,34100,7.0,22,0,54.4,0,3,1,1,0
2480,Operations,Senior Associate,Full-time,Remote,46,56,20,74469,24.3,7,0,86.5,1,54,1,0,1
2481,Finance,Senior Associate,Contract,Remote,34,50,5,111061,4.5,11,1,47.4,0,56,0,1,0
2482,Finance,Senior Associate,Full-time,Remote,43,20,23,90861,12.8,3,0,55.5,1,24,0,0,0
2483,Engineering,Associate,Full-time,Onsite,38,66,30,48456,6.0,15,1,96.6,0,58,0,3,0
2484,Engineering,Senior Associate,Full-time,Remote,43,36,18,85803,23.3,25,0,89.4,1,2,1,0,1
2485,Marketing,Associate,Contract,Remote,55,79,11,95633,24.5,28,0,86.9,1,27,0,0,0
2486,Operations,Senior Associate,Contract,Remote,29,38,13,105019,20.4,28,0,91.9,0,22,0,0,0
2487,Finance,Team Lead,Full-time,Remote,39,22,11,66232,7.9,5,0,85.0,1,35,0,3,0
2488,Marketing,Manager,Contract,Hybrid,45,108,14,97323,10.1,4,1,47.2,1,56,0,1,0
2489,Marketing,Senior Associate,Full-time,Remote,23,61,18,136067,6.1,0,1,71.0,1,54,0,0,1
2490,Sales,Team Lead,Full-time,Onsite,23,50,27,51788,22.3,13,0,66.7,1,47,0,0,1
2491,Engineering,Senior Associate,Full-time,Remote,48,96,4,128987,22.9,28,1,58.7,0,12,1,1,0
2492,Operations,Senior Associate,Full-time,Remote,35,59,4,46092,10.5,8,0,90.0,1,21,0,0,0
2493,Finance,Senior Associate,Contract,Hybrid,33,20,5,31132,16.4,17,0,67.8,1,24,0,0,0
2494,Marketing,Team Lead,Full-time,Remote,53,36,22,107850,4.1,5,0,43.6,0,54,1,1,1
2495,Finance,Manager,Contract,Hybrid,49,97,2,134181,10.9,14,0,56.5,0,42,0,1,0
2496,Sales,Team Lead,Full-time,Onsite,49,15,32,118118,15.8,15,0,53.7,0,23,0,0,0
2497,Operations,Manager,Full-time,Hybrid,46,62,20,123316,9.6,7,0,93.2,0,42,0,1,0
2498,Marketing,Senior Associate,Full-time,Remote,25,114,19,127772,8.9,18,0,78.8,1,36,0,0,0
2499,Finance,Associate,Full-time,Onsite,47,110,0,148524,0.0,4,1,73.6,0,51,0,1,1
2500,Engineering,Senior Associate,Full-time,Remote,57,3,16,43068,20.1,13,1,70.4,0,32,0,1,0
2501,Sales,Manager,Full-time,Hybrid,24,93,28,77401,22.2,6,0,79.0,0,13,1,0,0
2502,Operations,Team Lead,Contract,Onsite,22,111,7,78526,24.2,3,0,85.3,0,23,0,1,0
2503,Sales,Senior Associate,Full-time,Onsite,38,91,25,88958,18.0,29,0,73.3,0,21,0,0,1
2504,Engineering,Team Lead,Full-time,Hybrid,28,5,27,145729,13.7,27,1,96.3,0,51,1,0,0
2505,Operations,Team Lead,Full-time,Hybrid,26,56,33,106593,6.7,20,0,98.6,0,50,0,0,0
2506,Sales,Team Lead,Full-time,Onsite,40,31,25,85041,25.0,0,0,99.7,1,36,0,2,1
2507,HR,Senior Associate,Contract,Onsite,55,86,12,129158,14.7,3,1,80.2,0,51,0,0,0
2508,Engineering,Team Lead,Full-time,Hybrid,56,35,12,134042,17.0,29,0,96.0,0,58,0,1,0
2509,Engineering,Team Lead,Full-time,Remote,37,118,24,93372,17.1,13,0,64.3,0,58,0,2,1
2510,Engineering,Senior Associate,Full-time,Onsite,48,71,22,97562,21.1,22,0,91.6,0,22,0,3,0
2511,HR,Team Lead,Full-time,Hybrid,46,70,21,122099,0.2,15,0,94.6,0,5,0,3,0
2512,HR,Senior Associate,Full-time,Remote,47,26,20,94046,5.5,27,1,94.2,0,18,0,1,0
2513,Finance,Manager,Full-time,Onsite,35,118,29,133669,16.6,25,0,89.9,0,11,0,2,0
2514,Marketing,Manager,Full-time,Onsite,35,1,10,98086,22.4,6,0,64.4,0,25,0,2,0
2515,Sales,Manager,Full-time,Hybrid,35,83,3,126458,17.1,9,0,49.5,0,28,0,1,0
2516,Finance,Team Lead,Full-time,Remote,46,7,32,37089,10.3,9,0,60.0,1,58,2,1,1
2517,Sales,Associate,Full-time,Onsite,57,36,11,46623,9.0,3,0,86.0,0,59,0,1,0
2518,Marketing,Associate,Full-time,Remote,25,76,8,79641,18.4,11,0,54.0,1,13,0,0,0
2519,HR,Team Lead,Full-time,Remote,36,84,31,42043,18.5,5,0,68.7,1,16,0,0,0
2520,Marketing,Associate,Full-time,Onsite,53,87,10,96572,15.2,12,0,73.9,1,29,0,0,0
2521,HR,Senior Associate,Full-time,Remote,39,25,23,94136,7.3,20,0,76.2,0,6,0,0,0
2522,Marketing,Associate,Contract,Onsite,35,94,6,118052,23.1,0,0,96.1,1,20,0,0,0
2523,Finance,Team Lead,Full-time,Remote,22,59,7,116700,13.8,7,1,79.7,0,0,0,1,0
2524,Operations,Team Lead,Full-time,Onsite,41,61,32,87061,19.8,27,0,87.2,0,48,0,1,0
2525,Finance,Senior Associate,Contract,Hybrid,31,29,24,147957,5.4,22,1,74.9,0,37,1,0,1
2526,Sales,Manager,Full-time,Onsite,31,95,0,36122,8.6,15,0,90.0,1,3,0,0,0
2527,Finance,Team Lead,Full-time,Onsite,45,18,2,77346,21.9,4,1,55.8,0,45,0,1,0
2528,Engineering,Senior Associate,Full-time,Onsite,55,41,27,127322,1.3,28,0,52.6,1,7,1,0,0
2529,Sales,Associate,Full-time,Remote,49,19,32,143993,12.8,25,0,95.6,0,17,0,2,1
2530,Marketing,Associate,Full-time,Hybrid,48,118,0,46150,12.0,25,0,81.6,1,51,0,1,0
2531,Sales,Senior Associate,Full-time,Remote,22,4,26,117630,18.8,6,0,80.3,1,59,1,1,1
2532,Operations,Senior Associate,Contract,Remote,54,65,34,107228,7.0,25,1,68.0,1,44,1,0,1
2533,HR,Team Lead,Full-time,Onsite,25,41,9,42054,5.5,2,0,62.6,0,7,0,1,0
2534,Marketing,Associate,Full-time,Remote,28,15,11,31767,23.2,23,0,73.3,1,30,1,1,0
2535,Sales,Senior Associate,Full-time,Onsite,30,54,9,34708,14.3,20,1,47.2,1,30,0,0,0
2536,Marketing,Associate,Full-time,Hybrid,37,64,33,136657,2.6,1,0,67.3,0,27,0,1,0
2537,Marketing,Senior Associate,Full-time,Remote,26,72,23,87999,4.8,1,0,67.3,0,55,1,0,1
2538,Marketing,Associate,Full-time,Remote,55,15,27,82158,25.0,19,0,72.3,1,47,0,1,0
2539,HR,Manager,Full-time,Remote,44,79,21,59292,4.9,22,0,78.1,0,36,0,1,0
2540,Finance,Team Lead,Full-time,Onsite,46,50,15,58082,15.3,29,1,97.4,1,2,1,0,0
2541,Marketing,Associate,Contract,Onsite,34,103,12,64024,10.5,9,0,79.1,0,44,0,0,0
2542,Engineering,Manager,Contract,Remote,45,22,35,122270,22.1,19,0,93.0,0,14,0,1,0
2543,Operations,Associate,Full-time,Remote,32,18,35,138447,18.9,8,0,73.4,0,3,1,0,0
2544,HR,Associate,Full-time,Hybrid,38,80,22,53461,14.9,17,0,77.6,0,34,0,2,1
2545,Sales,Manager,Full-time,Hybrid,34,2,13,35351,0.3,5,0,44.2,0,58,1,0,1
2546,HR,Associate,Contract,Hybrid,48,36,31,77031,22.0,19,0,48.0,1,33,0,1,1
2547,Sales,Associate,Full-time,Hybrid,41,20,2,129053,11.1,5,0,74.8,0,35,1,4,1
2548,HR,Team Lead,Full-time,Hybrid,54,16,26,112628,23.3,25,1,63.7,1,56,0,2,0
2549,Sales,Manager,Full-time,Onsite,53,67,18,134720,12.4,24,0,87.9,1,5,1,1,0
2550,Marketing,Manager,Full-time,Hybrid,29,30,21,69718,17.4,9,0,72.6,0,3,0,1,0
2551,Finance,Senior Associate,Full-time,Hybrid,50,55,0,140632,1.7,27,0,92.9,0,48,1,1,0
2552,Sales,Associate,Full-time,Remote,40,66,4,120577,18.6,24,1,98.3,0,29,0,3,0
2553,Sales,Team Lead,Full-time,Onsite,27,99,32,121212,8.4,8,0,48.9,0,38,0,0,1
2554,Engineering,Associate,Full-time,Hybrid,42,26,18,130017,8.8,8,1,63.7,0,17,0,1,1
2555,Sales,Associate,Full-time,Hybrid,43,57,35,42777,3.0,2,1,79.9,0,59,1,0,1
2556,Engineering,Senior Associate,Full-time,Hybrid,31,69,5,119856,3.7,11,1,58.3,1,21,0,1,0
2557,Operations,Associate,Contract,Remote,31,2,14,38308,4.6,10,0,56.0,0,9,1,0,0
2558,Marketing,Team Lead,Full-time,Remote,50,115,35,73441,8.2,13,0,88.8,0,48,0,2,0
2559,Engineering,Team Lead,Contract,Remote,37,56,32,143682,22.3,24,0,98.8,1,28,1,2,0
2560,Finance,Senior Associate,Full-time,Hybrid,22,84,23,110865,9.2,18,1,86.4,1,22,0,1,1
2561,Marketing,Associate,Full-time,Remote,38,62,26,43882,18.1,9,1,71.4,1,3,0,0,1
2562,Engineering,Team Lead,Full-time,Hybrid,51,34,10,144883,2.1,18,1,66.6,1,58,0,0,1
2563,Marketing,Associate,Full-time,Onsite,47,98,22,34714,14.8,4,0,72.4,0,18,0,2,0
2564,Marketing,Associate,Full-time,Hybrid,40,118,32,121586,12.0,21,0,67.8,1,25,0,0,0
2565,Marketing,Associate,Full-time,Remote,42,56,28,73432,24.4,8,0,70.2,1,6,1,1,1
2566,Operations,Senior Associate,Full-time,Onsite,38,55,30,111289,21.2,0,0,52.2,0,12,2,1,1
2567,Finance,Associate,Full-time,Hybrid,42,20,0,125515,11.4,14,0,94.2,0,2,0,0,0
2568,HR,Team Lead,Full-time,Onsite,40,50,33,140625,19.4,23,0,85.3,0,39,1,0,1
2569,HR,Associate,Contract,Onsite,28,25,17,110166,4.8,29,1,80.9,0,10,1,0,0
2570,Engineering,Team Lead,Full-time,Onsite,38,84,17,47658,14.1,29,0,97.0,0,15,0,2,0
2571,Marketing,Associate,Contract,Hybrid,22,25,5,99245,1.9,3,1,57.1,0,19,1,2,0
2572,Engineering,Team Lead,Full-time,Remote,27,53,0,128642,8.7,25,1,44.9,0,50,1,1,0
2573,Operations,Team Lead,Full-time,Hybrid,47,14,29,135065,5.6,6,0,89.6,0,22,1,0,1
2574,Operations,Associate,Full-time,Remote,23,60,3,148199,18.0,5,0,99.9,0,22,1,0,0
2575,Sales,Associate,Full-time,Hybrid,53,111,31,132579,12.3,14,0,74.7,1,31,1,2,1
2576,Operations,Team Lead,Full-time,Hybrid,26,108,9,107027,18.8,5,0,43.5,0,40,0,0,0
2577,Sales,Manager,Full-time,Hybrid,52,43,4,80808,12.9,6,0,86.8,0,41,0,0,0
2578,Finance,Senior Associate,Full-time,Remote,33,107,8,69530,2.2,19,0,44.4,0,54,1,0,0
2579,Engineering,Manager,Full-time,Hybrid,56,62,4,38834,18.4,21,1,72.4,0,37,0,0,0
2580,Finance,Manager,Full-time,Onsite,51,103,10,44358,20.8,2,0,56.7,0,2,0,0,0
2581,Operations,Associate,Full-time,Hybrid,27,76,34,39872,22.6,20,0,94.9,0,51,0,0,1
2582,Finance,Senior Associate,Full-time,Onsite,36,112,26,88694,14.3,28,1,67.1,1,7,0,1,0
2583,Finance,Manager,Full-time,Remote,36,69,3,117193,18.8,28,0,93.9,0,37,0,0,0
2584,Finance,Associate,Full-time,Remote,37,63,9,80321,18.8,29,0,57.9,0,56,1,0,0
2585,Operations,Manager,Full-time,Hybrid,41,2,32,120363,3.9,12,1,63.2,0,39,0,0,0
2586,Marketing,Manager,Full-time,Hybrid,34,54,7,103709,4.1,1,0,96.8,0,13,2,0,0
2587,Finance,Associate,Full-time,Hybrid,52,16,23,46685,1.8,2,0,52.1,1,7,0,0,0
2588,Sales,Associate,Full-time,Onsite,55,55,32,41333,8.0,12,1,74.7,0,10,0,0,1
2589,Operations,Associate,Full-time,Remote,50,94,18,146254,11.8,8,0,63.3,1,41,0,0,0
2590,Finance,Senior Associate,Contract,Onsite,24,111,1,41356,24.9,21,0,86.5,0,57,0,1,0
2591,Marketing,Manager,Full-time,Onsite,30,43,10,70584,10.8,18,0,47.8,1,54,0,0,1
2592,Operations,Associate,Full-time,Hybrid,32,61,34,140453,18.2,17,0,66.2,1,41,1,0,1
2593,HR,Team Lead,Full-time,Hybrid,32,38,16,81362,17.3,4,1,81.9,1,42,0,2,1
2594,Marketing,Manager,Full-time,Onsite,46,45,2,41344,5.1,9,1,64.4,1,32,0,0,1
2595,Sales,Team Lead,Full-time,Onsite,43,51,21,144491,1.5,13,0,43.5,0,14,0,0,0
2596,Finance,Senior Associate,Full-time,Hybrid,30,42,34,74619,13.7,20,1,82.3,1,36,0,0,0
2597,HR,Associate,Full-time,Hybrid,41,24,20,135534,17.5,16,1,70.2,0,13,0,0,0
2598,HR,Team Lead,Full-time,Onsite,42,115,24,137107,25.0,2,0,40.7,1,54,0,0,0
2599,Operations,Senior Associate,Full-time,Hybrid,31,30,1,111331,9.0,6,0,76.8,0,25,0,0,0
2600,HR,Associate,Full-time,Hybrid,43,37,0,125279,22.4,8,0,95.2,1,56,1,0,1
2601,Sales,Team Lead,Contract,Onsite,50,53,6,31943,9.5,4,0,46.7,1,59,1,1,1
2602,Sales,Team Lead,Full-time,Onsite,30,63,19,120185,17.2,3,0,75.4,0,51,1,0,0
2603,Engineering,Senior Associate,Full-time,Remote,26,103,5,90217,15.0,2,0,83.7,1,7,1,1,0
2604,Sales,Associate,Full-time,Onsite,32,11,35,142319,1.3,25,0,44.2,1,48,0,0,0
2605,Marketing,Associate,Full-time,Hybrid,22,78,20,51021,2.0,12,1,41.4,0,3,0,1,0
2606,HR,Team Lead,Full-time,Onsite,22,23,34,38348,0.5,8,1,67.9,0,35,0,1,0
2607,Sales,Team Lead,Full-time,Onsite,26,117,35,107286,9.3,29,0,87.5,0,17,0,0,0
2608,Operations,Team Lead,Full-time,Onsite,43,80,7,100921,18.6,22,1,49.6,0,26,1,1,0
2609,Engineering,Associate,Full-time,Remote,47,50,3,46639,4.3,27,0,90.2,0,58,0,0,0
2610,HR,Senior Associate,Full-time,Remote,27,85,15,115030,15.1,6,0,79.4,0,18,0,1,0
2611,Engineering,Senior Associate,Full-time,Hybrid,53,55,2,94566,7.2,29,0,59.9,0,2,0,0,0
2612,HR,Associate,Full-time,Remote,32,55,6,72011,19.9,28,1,70.9,0,8,1,1,0
2613,Operations,Manager,Full-time,Onsite,31,4,1,144577,20.0,7,1,97.9,0,38,1,2,0
2614,Engineering,Senior Associate,Full-time,Remote,55,97,0,133336,19.4,9,1,53.0,1,1,1,0,0
2615,Finance,Team Lead,Full-time,Onsite,52,54,0,134565,13.1,0,1,70.0,0,8,1,1,0
2616,Marketing,Manager,Full-time,Remote,33,61,6,147105,7.1,26,0,77.5,1,55,1,1,0
2617,Marketing,Manager,Contract,Remote,37,111,23,48640,20.2,19,1,48.3,0,5,0,0,0
2618,HR,Senior Associate,Full-time,Remote,24,78,4,65402,4.7,28,0,42.6,0,37,0,0,0
2619,Finance,Manager,Contract,Onsite,23,83,20,95088,7.2,28,0,40.8,0,27,0,1,0
2620,Engineering,Manager,Full-time,Remote,26,5,27,90240,4.6,20,0,59.5,1,47,0,2,0
2621,Finance,Senior Associate,Full-time,Onsite,32,100,17,31891,16.9,20,0,44.4,1,33,0,0,0
2622,Finance,Senior Associate,Full-time,Onsite,46,95,23,58259,17.2,0,0,88.2,1,28,0,0,0
2623,Engineering,Manager,Contract,Hybrid,56,109,31,93021,16.3,18,0,99.8,0,47,2,1,0
2624,Operations,Team Lead,Full-time,Remote,56,18,32,58987,10.4,1,0,43.7,1,2,0,0,1
2625,Finance,Associate,Full-time,Hybrid,43,44,9,82616,2.5,11,0,66.0,0,53,0,0,0
2626,Finance,Manager,Full-time,Hybrid,43,31,8,40683,22.8,22,0,41.5,1,15,2,0,1
2627,Operations,Manager,Full-time,Onsite,32,119,32,91083,12.7,12,0,48.0,0,43,3,0,0
2628,Finance,Team Lead,Full-time,Remote,53,94,32,39967,10.2,13,0,59.4,0,34,2,0,0
2629,Finance,Manager,Contract,Onsite,56,21,6,107664,14.7,4,1,63.6,0,10,0,0,1
2630,Finance,Manager,Contract,Onsite,52,47,3,70194,4.8,2,1,96.4,1,42,0,0,1
2631,Marketing,Associate,Full-time,Remote,29,30,27,130274,3.3,26,0,63.8,0,22,1,0,0
2632,Sales,Associate,Contract,Onsite,41,55,22,123831,10.1,23,1,69.8,0,29,0,0,0
2633,Operations,Associate,Full-time,Remote,55,105,31,115873,5.7,16,0,54.7,0,47,1,0,0
2634,Finance,Senior Associate,Full-time,Remote,25,68,15,92661,6.1,0,0,40.0,1,4,1,0,1
2635,Marketing,Senior Associate,Full-time,Onsite,39,69,9,117738,22.3,13,0,94.0,0,51,1,0,1
2636,Operations,Associate,Full-time,Onsite,25,41,13,102307,13.3,5,0,44.9,1,7,1,0,1
2637,HR,Associate,Contract,Hybrid,41,45,35,73452,12.1,16,0,97.9,1,42,0,0,1
2638,HR,Senior Associate,Full-time,Onsite,30,74,33,42857,17.2,3,0,47.9,1,42,0,0,1
2639,Finance,Team Lead,Full-time,Remote,37,91,23,61301,23.8,5,0,76.3,1,49,0,0,0
2640,Marketing,Manager,Full-time,Hybrid,47,80,17,85900,2.8,0,0,100.0,1,50,1,0,0
2641,Marketing,Manager,Full-time,Remote,46,30,15,61460,20.8,28,1,48.3,0,9,1,0,1
2642,Operations,Associate,Full-time,Hybrid,25,77,24,116923,14.6,8,0,65.4,0,27,0,0,0
2643,Operations,Team Lead,Contract,Onsite,40,100,7,79800,3.7,3,1,86.8,0,35,0,0,0
2644,Marketing,Senior Associate,Full-time,Onsite,35,85,23,39832,7.4,8,0,41.9,0,59,0,0,1
2645,Operations,Associate,Full-time,Onsite,42,45,19,77408,12.1,8,1,81.4,0,9,2,0,0
2646,Marketing,Team Lead,Full-time,Remote,36,117,29,42626,17.3,28,0,44.8,1,13,1,1,0
2647,Sales,Team Lead,Full-time,Hybrid,24,104,19,87872,6.1,21,1,54.2,0,37,0,0,0
2648,Marketing,Team Lead,Full-time,Remote,37,45,17,114021,13.4,12,1,49.6,1,36,0,0,0
2649,HR,Senior Associate,Full-time,Hybrid,35,79,3,108959,17.1,22,0,94.4,0,46,0,0,0
2650,Operations,Senior Associate,Full-time,Onsite,30,84,35,126939,11.2,28,0,50.8,0,4,1,0,0
2651,Marketing,Manager,Full-time,Remote,28,84,5,126159,21.6,16,0,42.4,0,54,0,0,0
2652,Marketing,Manager,Full-time,Onsite,35,45,2,46802,21.7,20,1,75.3,0,55,0,0,1
2653,Operations,Team Lead,Full-time,Remote,27,55,17,46333,11.8,2,0,60.8,1,5,0,1,0
2654,Sales,Team Lead,Full-time,Onsite,42,59,17,65120,24.3,25,0,64.3,0,29,0,4,0
2655,Sales,Senior Associate,Full-time,Remote,36,5,22,123621,1.9,25,0,47.1,0,18,0,0,0
2656,Operations,Manager,Full-time,Remote,29,118,34,52159,0.1,28,0,84.9,1,51,1,0,1
2657,Engineering,Team Lead,Contract,Hybrid,55,118,5,54660,9.5,5,0,76.1,0,48,0,0,0
2658,Operations,Manager,Full-time,Onsite,22,32,25,86843,15.0,19,1,61.9,0,13,0,0,0
2659,Operations,Manager,Full-time,Hybrid,53,6,20,64519,15.7,14,0,50.3,0,10,0,1,0
2660,Sales,Team Lead,Full-time,Hybrid,26,94,23,124333,11.9,28,1,75.6,0,45,1,0,0
2661,Sales,Senior Associate,Full-time,Onsite,51,26,14,114577,3.1,13,0,86.7,0,4,0,1,0
2662,Operations,Team Lead,Full-time,Remote,43,37,26,74935,4.3,12,0,58.7,1,44,0,0,0
2663,Operations,Team Lead,Contract,Hybrid,41,13,31,52507,21.3,8,0,41.6,0,30,2,0,0
2664,Operations,Manager,Full-time,Onsite,37,93,11,101060,21.7,22,1,52.9,0,43,0,1,1
2665,Sales,Team Lead,Full-time,Remote,28,69,4,114271,16.8,14,0,80.9,0,57,0,1,0
2666,Operations,Senior Associate,Full-time,Hybrid,28,25,6,87223,16.6,13,0,99.3,0,31,1,1,0
2667,Operations,Team Lead,Full-time,Hybrid,23,13,21,57675,14.9,3,0,40.8,1,23,0,2,1
2668,Finance,Senior Associate,Full-time,Hybrid,35,88,26,143487,5.1,28,0,58.4,0,50,0,0,1
2669,Engineering,Senior Associate,Contract,Remote,52,95,14,47673,10.7,10,1,43.7,1,9,0,0,0
2670,HR,Manager,Full-time,Hybrid,35,20,34,139619,17.4,21,0,59.0,0,12,0,0,0
2671,Engineering,Associate,Full-time,Remote,26,119,25,65470,13.4,1,0,64.4,1,46,0,1,0
2672,Finance,Associate,Full-time,Hybrid,32,72,22,71603,0.5,29,0,95.3,0,51,0,2,0
2673,HR,Manager,Full-time,Onsite,26,60,12,114825,23.8,15,0,44.8,0,12,0,0,0
2674,Operations,Team Lead,Full-time,Hybrid,50,73,25,61230,21.1,18,0,86.6,0,35,0,0,0
2675,Finance,Manager,Full-time,Onsite,32,21,2,44542,6.5,15,0,63.7,0,21,0,0,0
2676,Operations,Senior Associate,Full-time,Onsite,26,115,28,140563,15.4,26,0,88.7,0,8,0,0,0
2677,Sales,Associate,Full-time,Onsite,53,61,1,91407,23.1,6,0,70.8,0,57,1,0,0
2678,Marketing,Manager,Full-time,Remote,57,84,27,83821,2.4,10,0,42.4,1,18,0,1,1
2679,Finance,Team Lead,Full-time,Onsite,36,79,22,65690,12.6,11,0,96.8,0,51,1,0,0
2680,Sales,Manager,Full-time,Hybrid,40,26,35,36654,11.4,3,0,45.0,0,53,0,0,0
2681,Finance,Associate,Full-time,Remote,43,54,5,97557,10.3,29,0,75.9,1,53,0,1,0
2682,Finance,Manager,Full-time,Onsite,55,42,10,142259,20.9,15,0,92.7,0,6,0,0,0
2683,Sales,Manager,Full-time,Remote,38,11,33,115544,9.5,27,0,44.8,1,14,0,3,1
2684,HR,Associate,Full-time,Remote,33,37,16,118264,1.6,25,1,73.2,0,16,0,1,0
2685,Engineering,Senior Associate,Full-time,Remote,46,105,2,119698,1.6,15,0,89.5,0,45,1,0,0
2686,Operations,Senior Associate,Full-time,Hybrid,38,11,33,57446,1.1,6,0,99.2,0,13,0,0,0
2687,Finance,Associate,Contract,Onsite,31,27,21,125515,10.2,24,0,83.5,1,40,1,1,1
2688,Operations,Manager,Full-time,Remote,49,94,28,78484,18.0,29,0,56.7,1,47,1,0,0
2689,Marketing,Associate,Full-time,Remote,39,83,28,74078,5.1,12,1,82.0,1,1,1,0,0
2690,Sales,Senior Associate,Full-time,Remote,39,34,4,144824,16.2,4,0,82.3,0,13,0,0,0
2691,Operations,Team Lead,Full-time,Onsite,53,38,9,34225,17.2,29,0,82.0,1,3,0,0,0
2692,Sales,Manager,Full-time,Remote,35,61,9,104745,6.4,0,0,91.3,0,2,1,2,0
2693,Operations,Senior Associate,Full-time,Remote,37,87,8,140196,15.0,4,1,45.2,0,2,0,1,0
2694,Engineering,Manager,Full-time,Hybrid,39,53,20,111259,17.1,21,1,46.5,1,10,0,0,0
2695,Engineering,Associate,Full-time,Onsite,37,65,12,75487,11.7,13,0,78.4,0,4,0,2,0
2696,Engineering,Team Lead,Full-time,Hybrid,38,3,9,98676,8.4,10,1,97.2,0,47,2,0,0
2697,Engineering,Associate,Full-time,Onsite,28,67,10,41721,15.5,1,0,68.0,0,54,1,0,0
2698,Engineering,Team Lead,Full-time,Onsite,33,28,3,32587,24.4,23,0,97.6,1,28,0,1,0
2699,Engineering,Manager,Full-time,Onsite,55,14,30,138878,10.7,28,0,96.3,0,27,0,0,0
2700,Sales,Manager,Full-time,Hybrid,31,52,33,69437,9.8,17,0,94.2,0,22,1,1,0
2701,Finance,Associate,Full-time,Hybrid,26,30,34,48989,11.6,14,0,94.6,1,29,0,2,1
2702,Operations,Team Lead,Full-time,Hybrid,42,58,32,62726,1.9,13,1,93.9,0,22,0,1,1
2703,Engineering,Team Lead,Contract,Hybrid,24,54,7,100540,13.8,24,0,89.2,0,50,0,1,0
2704,Sales,Manager,Full-time,Remote,40,69,31,109837,8.2,29,0,81.7,0,40,0,1,0
2705,Sales,Associate,Full-time,Remote,56,113,32,128215,3.0,12,0,41.5,1,21,1,0,1
2706,Sales,Team Lead,Full-time,Remote,27,15,7,123639,11.7,1,0,47.9,0,42,3,0,1
2707,Finance,Manager,Full-time,Onsite,35,38,13,71168,0.1,18,0,48.1,0,11,0,1,0
2708,Operations,Senior Associate,Full-time,Remote,25,78,33,94669,10.0,7,0,41.4,0,26,1,0,0
2709,Finance,Associate,Full-time,Onsite,39,14,7,103040,2.6,26,0,47.0,0,57,1,0,0
2710,HR,Senior Associate,Full-time,Hybrid,50,57,6,132114,0.6,21,0,95.2,0,58,0,0,0
2711,Sales,Associate,Full-time,Onsite,56,59,12,101616,20.6,16,0,79.8,0,39,0,0,0
2712,HR,Manager,Full-time,Onsite,37,113,20,37408,22.9,14,0,58.7,0,45,0,0,0
2713,Marketing,Team Lead,Contract,Remote,41,8,31,34153,5.2,19,0,87.6,1,48,2,0,1
2714,Engineering,Team Lead,Full-time,Hybrid,45,72,10,41055,13.5,20,0,69.3,1,51,0,0,0
2715,Engineering,Team Lead,Full-time,Hybrid,56,19,13,49760,6.9,13,0,48.5,1,14,1,1,1
2716,Finance,Associate,Full-time,Remote,40,32,10,47752,12.3,26,0,93.1,1,46,1,1,0
2717,Operations,Manager,Full-time,Hybrid,25,95,1,119729,10.9,2,0,60.3,0,22,0,1,0
2718,HR,Senior Associate,Full-time,Hybrid,54,29,33,33800,6.7,16,1,81.9,0,43,1,0,1
2719,Operations,Manager,Full-time,Hybrid,23,41,16,96573,17.5,2,1,57.4,1,40,0,0,0
2720,Finance,Senior Associate,Full-time,Remote,34,75,13,60054,3.2,12,1,70.0,0,43,3,0,1
2721,Engineering,Associate,Full-time,Hybrid,51,45,24,91816,1.3,24,0,89.0,1,18,0,0,0
2722,Operations,Associate,Contract,Onsite,55,13,26,56866,19.2,17,0,49.4,0,43,0,1,1
2723,Operations,Senior Associate,Full-time,Onsite,51,27,7,30992,16.6,0,0,98.6,0,10,0,1,0
2724,Engineering,Senior Associate,Full-time,Hybrid,45,19,16,53696,12.5,6,0,44.2,0,59,1,0,1
2725,HR,Senior Associate,Contract,Remote,54,26,4,90282,11.7,28,0,72.0,0,37,0,0,0
2726,Engineering,Manager,Full-time,Remote,31,53,11,132814,12.4,22,1,95.0,0,39,2,0,1
2727,Operations,Senior Associate,Full-time,Remote,39,51,17,128697,10.9,4,0,96.7,0,42,0,0,0
2728,HR,Associate,Full-time,Hybrid,40,37,25,103541,9.8,1,0,53.9,0,2,1,0,0
2729,HR,Associate,Full-time,Hybrid,28,112,30,82838,12.5,29,0,48.6,0,15,2,0,1
2730,Engineering,Team Lead,Full-time,Onsite,40,9,5,59400,13.2,16,0,83.5,0,31,0,0,0
2731,Operations,Senior Associate,Full-time,Remote,45,92,14,112277,17.3,28,0,42.5,1,37,0,0,1
2732,Finance,Manager,Full-time,Onsite,36,96,25,148692,17.8,20,0,69.1,0,8,0,0,0
2733,Operations,Manager,Full-time,Onsite,44,52,11,47565,9.4,9,0,87.8,0,40,0,2,0
2734,Sales,Manager,Full-time,Remote,25,54,13,69585,10.3,3,1,73.6,0,37,2,0,1
2735,Marketing,Team Lead,Full-time,Hybrid,25,3,0,64833,9.3,8,0,51.3,1,4,1,0,0
2736,Finance,Associate,Full-time,Hybrid,26,115,16,42094,13.4,20,1,69.2,0,0,1,0,0
2737,HR,Manager,Full-time,Onsite,44,96,32,61280,11.3,10,0,95.3,1,34,0,0,0
2738,Finance,Associate,Full-time,Onsite,32,69,28,76647,22.2,25,0,77.0,0,34,0,0,0
2739,HR,Team Lead,Full-time,Onsite,32,8,30,74378,17.4,11,0,83.3,0,11,0,0,0
2740,HR,Senior Associate,Full-time,Onsite,34,14,7,49513,22.5,11,1,60.2,0,35,0,3,0
2741,Finance,Senior Associate,Full-time,Remote,35,3,29,30154,17.7,17,0,51.3,0,20,1,1,0
2742,HR,Senior Associate,Full-time,Onsite,29,24,12,125798,24.3,3,0,55.3,0,47,1,1,0
2743,HR,Manager,Full-time,Onsite,46,13,15,58134,15.9,28,0,72.0,1,42,0,2,1
2744,Sales,Senior Associate,Full-time,Hybrid,39,43,1,138050,24.1,27,0,56.8,0,7,0,0,0
2745,Operations,Manager,Full-time,Hybrid,39,29,17,38678,4.0,8,0,72.5,1,26,1,1,0
2746,Operations,Team Lead,Full-time,Hybrid,31,72,34,36294,1.3,7,1,82.5,1,8,0,1,0
2747,Marketing,Team Lead,Contract,Remote,28,51,18,39574,14.5,18,0,84.1,1,27,1,0,0
2748,Marketing,Manager,Full-time,Remote,35,42,12,65183,24.6,23,0,49.9,0,29,1,0,0
2749,Sales,Associate,Full-time,Hybrid,36,31,3,78747,10.4,12,1,85.0,1,13,0,1,1
2750,Marketing,Senior Associate,Full-time,Hybrid,37,63,18,96606,5.3,1,1,80.4,0,22,0,1,0
2751,Finance,Senior Associate,Contract,Onsite,23,26,24,48638,13.0,18,0,40.7,0,28,2,0,1
2752,Engineering,Senior Associate,Full-time,Onsite,51,18,30,87194,16.2,13,0,43.5,1,25,0,2,0
2753,Engineering,Manager,Full-time,Remote,51,82,35,77553,7.9,4,0,78.8,0,21,0,0,0
2754,Engineering,Team Lead,Full-time,Remote,39,57,3,56082,17.9,26,1,63.0,1,14,0,1,0
2755,Sales,Senior Associate,Full-time,Onsite,52,7,6,46306,24.4,27,1,48.8,0,50,0,0,1
2756,Sales,Team Lead,Full-time,Hybrid,34,112,15,138371,22.4,29,1,42.7,0,8,0,1,0
2757,HR,Senior Associate,Full-time,Onsite,41,102,4,37807,7.3,25,0,49.6,0,25,0,0,0
2758,Engineering,Senior Associate,Contract,Remote,56,48,22,118760,8.2,9,0,97.5,0,16,0,0,0
2759,Finance,Manager,Contract,Remote,44,80,35,81342,9.3,23,0,83.7,0,8,1,0,0
2760,Marketing,Associate,Contract,Onsite,54,119,31,62143,9.9,16,0,71.7,0,2,0,0,0
2761,Finance,Manager,Full-time,Onsite,56,60,23,88414,2.5,19,1,96.5,1,56,1,1,1
2762,Marketing,Senior Associate,Full-time,Onsite,57,33,24,120302,19.0,15,0,77.1,1,15,0,1,0
2763,Engineering,Senior Associate,Full-time,Remote,41,115,27,54715,9.1,16,0,83.5,1,12,1,1,0
2764,Engineering,Associate,Full-time,Hybrid,24,3,18,92054,22.0,0,1,57.0,1,25,0,0,1
2765,Engineering,Team Lead,Full-time,Onsite,29,102,6,102934,23.2,27,0,75.3,0,16,0,1,0
2766,Sales,Team Lead,Full-time,Remote,53,4,16,42202,0.6,20,0,48.6,1,31,1,0,1
2767,Marketing,Senior Associate,Full-time,Remote,50,100,1,57987,24.7,21,1,64.3,0,23,0,0,0
2768,Sales,Team Lead,Full-time,Remote,28,4,15,65740,17.8,14,1,42.0,0,53,1,0,0
2769,Sales,Senior Associate,Full-time,Onsite,23,42,17,146202,13.0,16,1,53.0,1,56,0,0,0
2770,Operations,Associate,Full-time,Onsite,42,9,0,106848,9.7,10,0,44.5,0,35,1,0,0
2771,Finance,Associate,Full-time,Hybrid,27,104,2,115890,13.0,21,0,63.3,1,59,0,0,1
2772,Finance,Senior Associate,Full-time,Remote,49,51,20,83871,8.1,4,0,90.6,0,52,0,2,0
2773,HR,Associate,Full-time,Onsite,57,17,29,43627,15.6,3,0,62.7,0,21,0,1,0
2774,Sales,Manager,Full-time,Remote,53,17,10,129649,2.3,25,0,89.9,0,59,0,0,1
2775,Marketing,Manager,Full-time,Remote,30,97,21,124294,15.5,20,1,79.4,0,8,0,1,0
2776,Operations,Associate,Full-time,Hybrid,32,20,24,81069,6.9,23,0,70.6,1,21,0,0,1
2777,Operations,Senior Associate,Full-time,Onsite,44,14,2,70409,0.4,8,0,54.2,1,40,0,0,0
2778,Finance,Senior Associate,Full-time,Onsite,32,22,29,124022,13.8,26,1,95.3,0,49,0,0,1
2779,Sales,Associate,Full-time,Remote,23,52,23,110635,14.5,15,1,43.3,0,45,0,0,1
2780,HR,Team Lead,Full-time,Remote,24,27,35,141689,10.7,29,0,81.3,0,19,0,1,0
2781,Sales,Manager,Contract,Hybrid,32,43,22,136948,1.8,11,1,77.3,1,2,0,0,0
2782,Engineering,Team Lead,Full-time,Hybrid,56,3,7,91486,22.3,17,1,66.5,0,35,0,0,0
2783,Sales,Senior Associate,Contract,Hybrid,36,88,3,31611,15.3,21,1,54.4,1,32,0,1,0
2784,Engineering,Senior Associate,Full-time,Hybrid,32,94,30,61657,2.9,2,1,65.8,1,17,1,0,1
2785,Engineering,Team Lead,Full-time,Hybrid,52,8,28,48462,12.8,14,1,92.4,1,35,0,1,0
2786,HR,Associate,Contract,Hybrid,49,86,35,106309,12.4,17,0,90.2,0,9,0,0,0
2787,Marketing,Team Lead,Full-time,Remote,49,89,12,146752,1.5,11,0,96.5,1,35,0,1,0
2788,Finance,Team Lead,Full-time,Hybrid,53,10,8,119299,15.2,29,0,58.5,0,20,0,0,0
2789,Sales,Manager,Full-time,Remote,46,113,20,68547,20.2,12,0,63.2,1,24,0,0,0
2790,Engineering,Manager,Full-time,Remote,41,29,2,137754,18.7,0,0,41.1,1,48,0,0,1
2791,Sales,Team Lead,Contract,Onsite,49,40,24,59063,5.1,3,0,96.6,0,39,0,1,0
2792,Marketing,Team Lead,Full-time,Remote,46,118,24,135454,21.6,7,0,59.8,0,50,1,0,0
2793,Finance,Senior Associate,Full-time,Remote,32,65,11,112273,8.6,18,1,64.2,1,8,1,1,1
2794,Marketing,Manager,Full-time,Hybrid,40,116,28,140896,23.7,20,1,94.5,1,47,0,0,0
2795,Finance,Manager,Full-time,Remote,49,21,10,109397,1.8,29,0,71.6,1,26,0,1,0
2796,Operations,Senior Associate,Full-time,Hybrid,22,103,10,82788,12.2,25,0,74.0,0,55,1,1,0
2797,Finance,Associate,Full-time,Hybrid,26,24,25,72523,14.9,20,1,50.6,0,55,0,1,0
2798,HR,Manager,Full-time,Hybrid,31,73,13,60284,6.2,4,1,69.9,1,56,0,0,1
2799,Marketing,Manager,Full-time,Onsite,55,60,15,117964,19.3,10,1,95.1,0,14,1,0,1
2800,Engineering,Associate,Full-time,Hybrid,57,108,9,93996,15.7,24,1,73.5,0,51,0,1,0
2801,Operations,Manager,Full-time,Remote,23,118,30,96247,0.5,23,1,55.3,0,31,1,1,1
2802,HR,Manager,Full-time,Hybrid,39,26,30,43706,15.2,23,0,41.9,0,47,0,0,1
2803,Sales,Associate,Full-time,Hybrid,34,9,35,123614,12.3,28,0,60.2,0,59,0,0,1
2804,Marketing,Associate,Full-time,Hybrid,26,20,9,40924,4.9,28,1,74.4,0,52,1,0,1
2805,Engineering,Team Lead,Full-time,Onsite,41,56,25,141377,24.9,16,0,42.6,0,43,0,0,0
2806,Finance,Senior Associate,Contract,Remote,23,99,19,45921,22.4,16,1,76.6,1,54,1,0,0
2807,Engineering,Senior Associate,Full-time,Onsite,32,36,8,55432,7.3,1,0,71.4,1,49,1,2,1
2808,Sales,Associate,Contract,Remote,51,106,14,148960,13.5,29,1,87.0,0,38,0,1,0
2809,Operations,Associate,Full-time,Onsite,53,36,8,47813,7.9,23,0,41.7,0,15,0,0,0
2810,Operations,Manager,Full-time,Remote,53,118,6,134748,19.4,25,0,86.9,0,27,1,0,0
2811,Marketing,Team Lead,Full-time,Onsite,49,73,25,138988,23.3,0,0,71.3,1,50,0,0,0
2812,Operations,Team Lead,Contract,Hybrid,31,22,23,95250,9.0,3,1,62.2,1,5,0,0,0
2813,Marketing,Associate,Full-time,Onsite,43,1,11,98956,20.1,8,0,97.9,1,5,1,0,0
2814,Marketing,Manager,Contract,Onsite,38,69,19,32068,12.5,1,1,49.6,1,37,0,1,0
2815,Marketing,Manager,Contract,Hybrid,43,73,13,69927,9.9,2,1,72.5,0,57,2,1,0
2816,Finance,Senior Associate,Full-time,Hybrid,40,37,21,100342,23.5,26,1,59.3,0,46,1,0,1
2817,HR,Senior Associate,Full-time,Remote,38,102,15,135148,12.8,5,1,71.6,0,1,0,1,0
2818,Marketing,Manager,Full-time,Remote,45,83,28,60539,11.7,12,0,73.1,1,40,1,1,0
2819,Marketing,Senior Associate,Full-time,Remote,57,72,31,41683,16.8,14,0,45.4,0,39,2,1,1
2820,HR,Associate,Full-time,Onsite,53,106,18,115151,6.5,10,0,79.7,1,6,1,0,0
2821,Engineering,Manager,Full-time,Remote,57,107,34,65674,8.1,9,1,78.1,1,26,0,1,1
2822,Marketing,Senior Associate,Full-time,Onsite,49,96,31,82703,23.3,2,1,86.2,1,27,2,0,1
2823,Finance,Team Lead,Full-time,Onsite,35,13,19,88810,17.0,19,0,45.4,0,59,0,2,1
2824,Operations,Manager,Full-time,Remote,57,84,19,116111,20.7,8,0,57.8,0,15,0,0,0
2825,Operations,Manager,Full-time,Remote,27,100,7,115343,6.8,24,0,79.0,1,46,0,0,0
2826,Sales,Team Lead,Full-time,Onsite,30,43,34,115977,13.6,9,0,48.2,0,8,0,0,0
2827,Sales,Associate,Full-time,Hybrid,42,108,12,117114,24.3,20,0,80.7,0,51,0,0,0
2828,Operations,Team Lead,Full-time,Hybrid,33,37,5,41117,8.0,22,0,43.5,1,14,0,1,0
2829,Operations,Manager,Full-time,Onsite,51,94,15,33665,4.0,24,0,60.1,1,33,1,0,0
2830,Finance,Associate,Full-time,Remote,52,74,4,149423,12.8,23,0,90.8,0,19,0,0,0
2831,HR,Senior Associate,Full-time,Onsite,25,95,33,74390,9.7,26,0,86.5,1,13,1,1,0
2832,Sales,Senior Associate,Full-time,Onsite,52,25,5,104884,4.0,22,0,78.7,0,59,1,0,0
2833,HR,Senior Associate,Full-time,Remote,48,93,32,93887,22.2,11,0,92.2,0,57,0,1,0
2834,Finance,Manager,Full-time,Hybrid,46,88,14,78266,24.8,7,0,82.6,0,10,0,3,0
2835,Operations,Team Lead,Contract,Onsite,26,103,14,85541,14.2,20,0,71.2,1,29,0,0,0
2836,Marketing,Associate,Full-time,Hybrid,27,21,13,94802,19.4,20,0,98.8,0,2,0,1,0
2837,HR,Senior Associate,Full-time,Hybrid,26,41,4,124319,21.5,20,0,81.7,0,1,0,0,0
2838,Operations,Associate,Full-time,Remote,48,73,25,37882,17.5,16,0,76.1,0,49,0,0,1
2839,Operations,Manager,Full-time,Onsite,29,42,16,100825,1.1,21,1,64.5,1,13,0,0,0
2840,Engineering,Senior Associate,Full-time,Onsite,30,42,15,43910,3.9,4,0,94.1,1,55,0,0,0
2841,HR,Manager,Full-time,Hybrid,36,2,34,70566,1.8,23,0,57.7,0,28,3,0,1
2842,Marketing,Team Lead,Full-time,Hybrid,57,68,22,93073,0.2,7,0,40.6,0,4,0,0,1
2843,HR,Manager,Full-time,Remote,28,8,12,127519,7.6,17,0,51.8,0,43,0,2,0
2844,Operations,Manager,Full-time,Hybrid,53,96,32,66176,9.8,10,1,46.6,0,45,1,0,1
2845,Marketing,Team Lead,Full-time,Remote,29,61,28,113081,6.0,21,0,59.1,1,5,0,0,0
2846,Finance,Associate,Contract,Onsite,36,14,33,60289,1.6,27,0,89.6,0,7,0,0,0
2847,Engineering,Team Lead,Full-time,Remote,40,113,33,80411,13.2,26,0,79.1,1,38,0,2,1
2848,Operations,Team Lead,Full-time,Hybrid,27,77,26,142263,6.8,9,0,50.1,0,38,0,1,0
2849,Sales,Manager,Full-time,Onsite,40,21,14,99626,19.9,25,0,87.3,0,43,2,0,0
2850,Sales,Associate,Full-time,Remote,49,24,8,139337,0.2,14,0,70.3,0,28,0,1,0
2851,Engineering,Senior Associate,Full-time,Onsite,38,50,25,45362,21.1,5,0,70.8,0,38,0,0,0
2852,Finance,Team Lead,Full-time,Remote,40,82,2,117610,23.9,18,0,61.7,1,43,0,0,0
2853,Operations,Associate,Full-time,Hybrid,52,45,35,126371,17.9,16,0,91.9,1,26,1,1,1
2854,HR,Team Lead,Full-time,Hybrid,32,64,4,43783,18.3,22,1,59.1,0,15,1,0,1
2855,Engineering,Team Lead,Full-time,Onsite,36,64,19,74162,23.3,9,0,45.6,0,26,0,1,0
2856,Finance,Team Lead,Full-time,Onsite,31,104,19,65749,5.2,4,0,58.2,0,38,1,0,0
2857,HR,Team Lead,Full-time,Onsite,44,26,4,136369,24.9,27,0,82.9,0,39,0,0,0
2858,Sales,Manager,Full-time,Remote,24,32,9,33554,19.3,15,0,79.5,1,0,2,1,0
2859,Sales,Associate,Full-time,Hybrid,24,108,15,88568,18.2,11,1,51.3,1,44,1,2,1
2860,HR,Associate,Full-time,Onsite,39,57,24,140883,9.0,25,0,46.7,0,50,0,0,0
2861,Engineering,Associate,Full-time,Onsite,46,119,24,48773,13.6,20,0,79.7,0,32,0,2,0
2862,Sales,Team Lead,Full-time,Onsite,41,53,29,103694,16.3,26,0,80.6,0,55,0,0,0
2863,Operations,Manager,Full-time,Remote,50,33,13,96550,15.5,23,0,62.0,1,49,1,1,0
2864,Marketing,Team Lead,Full-time,Onsite,43,52,21,76295,17.6,27,0,90.6,0,38,0,0,0
2865,HR,Team Lead,Full-time,Onsite,36,95,27,60331,2.1,4,1,98.7,0,53,1,2,0
2866,HR,Associate,Full-time,Remote,31,18,29,75640,8.9,20,1,52.3,0,26,0,0,0
2867,Sales,Team Lead,Contract,Remote,42,35,18,94877,10.9,0,0,74.6,0,16,0,1,0
2868,Engineering,Senior Associate,Full-time,Onsite,50,12,19,76969,6.5,1,1,40.3,0,59,1,2,1
2869,Operations,Team Lead,Full-time,Onsite,53,51,34,72986,4.3,4,0,82.8,1,14,1,1,0
2870,Engineering,Senior Associate,Full-time,Remote,31,89,21,132017,3.5,22,1,64.9,1,21,1,0,1
2871,Finance,Team Lead,Full-time,Hybrid,34,109,14,146180,9.2,18,1,51.6,0,56,0,1,0
2872,Finance,Manager,Full-time,Remote,44,95,10,37585,12.3,27,0,85.1,0,18,0,0,0
2873,Marketing,Manager,Full-time,Hybrid,44,10,33,34122,1.6,14,0,88.6,1,27,0,0,0
2874,Sales,Associate,Contract,Onsite,52,111,23,138196,23.7,0,1,46.7,1,22,0,2,0
2875,Sales,Team Lead,Contract,Onsite,25,52,5,46838,19.1,10,0,42.5,0,35,0,0,0
2876,Sales,Senior Associate,Full-time,Hybrid,24,34,16,47301,18.3,27,0,60.0,1,48,0,0,0
2877,Marketing,Senior Associate,Full-time,Remote,42,115,27,53107,4.3,17,0,77.6,1,38,1,1,1
2878,Finance,Team Lead,Contract,Onsite,23,67,30,87357,15.1,2,1,87.6,0,47,2,1,1
2879,Engineering,Senior Associate,Full-time,Hybrid,25,110,35,118161,13.2,27,1,72.8,0,48,0,0,0
2880,Marketing,Manager,Full-time,Remote,22,39,8,132678,24.6,8,0,74.8,1,58,0,0,0
2881,Marketing,Senior Associate,Full-time,Hybrid,36,8,9,85211,18.7,23,1,88.0,1,19,2,0,1
2882,Engineering,Associate,Full-time,Remote,54,96,20,96025,14.4,3,0,71.7,0,46,0,2,1
2883,Sales,Manager,Full-time,Remote,27,107,33,96520,21.3,23,1,76.7,0,8,0,1,0
2884,Operations,Manager,Full-time,Remote,28,29,30,47344,3.9,12,0,71.0,0,52,1,0,1
2885,Engineering,Manager,Full-time,Remote,40,22,28,87202,0.4,8,0,92.8,1,22,1,1,1
2886,Finance,Team Lead,Full-time,Hybrid,22,84,10,130086,17.3,2,0,54.1,0,44,0,0,0
2887,HR,Team Lead,Full-time,Hybrid,40,70,32,44959,2.5,15,0,55.8,0,6,2,0,0
2888,HR,Manager,Full-time,Hybrid,47,61,0,142846,2.9,21,0,47.7,1,30,0,0,0
2889,Marketing,Team Lead,Full-time,Hybrid,33,43,20,68751,18.6,7,1,89.2,0,59,0,0,1
2890,HR,Senior Associate,Full-time,Hybrid,43,49,22,31869,6.8,25,0,64.7,1,50,1,1,1
2891,Operations,Team Lead,Full-time,Remote,34,29,8,74264,15.7,6,1,60.9,0,10,0,0,0
2892,Sales,Team Lead,Contract,Onsite,49,106,0,60268,22.9,24,0,98.9,0,39,0,0,0
2893,Finance,Manager,Contract,Onsite,35,81,20,114564,7.9,22,0,95.6,0,16,0,0,0
2894,Operations,Associate,Full-time,Hybrid,43,31,21,69606,5.4,16,0,98.3,1,35,0,3,1
2895,Finance,Associate,Full-time,Hybrid,51,53,3,43550,2.7,24,1,48.5,1,25,0,1,1
2896,Finance,Associate,Full-time,Onsite,41,34,0,149033,3.3,27,0,93.5,0,35,1,0,0
2897,Sales,Senior Associate,Full-time,Remote,48,38,9,35702,1.6,15,1,59.7,1,17,1,1,1
2898,Marketing,Team Lead,Contract,Hybrid,55,57,14,108563,2.2,20,1,40.8,1,53,0,0,1
2899,HR,Associate,Contract,Remote,22,101,35,140164,10.8,21,0,63.5,0,30,0,2,0
2900,Sales,Manager,Full-time,Onsite,36,4,28,91745,8.0,17,0,70.6,0,48,0,3,0
2901,Operations,Associate,Full-time,Onsite,53,2,4,128279,17.7,15,1,46.5,0,34,0,1,1
2902,Marketing,Associate,Full-time,Hybrid,29,12,28,54459,21.8,14,1,72.3,0,40,2,1,0
2903,Operations,Team Lead,Full-time,Remote,54,35,26,86782,19.6,1,0,89.2,0,27,3,0,0
2904,Marketing,Team Lead,Full-time,Hybrid,39,70,24,117822,13.3,28,0,62.7,0,25,1,0,0
2905,Operations,Team Lead,Full-time,Onsite,50,110,15,36032,2.6,19,0,61.2,0,5,1,1,0
2906,Sales,Senior Associate,Full-time,Remote,53,72,15,31825,17.7,3,0,60.3,0,33,1,0,0
2907,Marketing,Senior Associate,Full-time,Hybrid,54,21,35,107090,9.1,4,0,95.4,0,27,1,1,0
2908,Marketing,Associate,Full-time,Hybrid,26,117,24,147798,2.1,6,0,42.9,0,43,0,0,0
2909,Finance,Team Lead,Full-time,Hybrid,39,110,0,78101,21.1,28,0,66.7,0,46,0,0,0
2910,Finance,Associate,Full-time,Onsite,31,61,4,90109,8.5,26,0,55.9,0,8,1,2,0
2911,Engineering,Manager,Full-time,Hybrid,57,35,19,42470,5.5,27,1,93.6,1,28,0,0,0
2912,Operations,Manager,Full-time,Remote,54,48,4,33770,21.8,14,1,45.8,0,33,1,1,0
2913,Finance,Team Lead,Full-time,Hybrid,44,15,35,57268,22.6,16,1,64.7,0,11,0,0,0
2914,Engineering,Team Lead,Contract,Onsite,26,71,28,30029,8.5,9,1,64.4,0,15,0,0,0
2915,Finance,Manager,Full-time,Hybrid,55,15,33,60083,8.9,19,0,93.3,0,6,2,1,0
2916,Operations,Team Lead,Full-time,Onsite,45,109,17,38958,14.5,28,1,52.9,1,30,0,1,1
2917,Marketing,Senior Associate,Full-time,Onsite,38,6,1,143806,18.3,8,1,78.7,0,32,0,0,0
2918,HR,Senior Associate,Full-time,Remote,52,111,15,38806,1.6,15,1,48.1,0,52,1,2,1
2919,Operations,Team Lead,Contract,Remote,28,81,28,62162,14.8,23,0,97.2,0,6,0,0,0
2920,Sales,Manager,Full-time,Hybrid,38,68,32,104732,23.8,2,0,75.6,0,2,0,2,0
2921,Finance,Associate,Contract,Onsite,49,22,15,64889,6.6,21,0,77.6,0,19,0,2,1
2922,Finance,Team Lead,Full-time,Onsite,43,32,34,57702,22.7,26,0,66.0,0,4,0,0,0
2923,Marketing,Team Lead,Contract,Remote,36,22,16,65777,23.8,8,1,60.5,0,2,0,1,0
2924,Sales,Associate,Full-time,Remote,36,27,3,82971,6.7,7,0,52.8,1,46,0,0,1
2925,Marketing,Team Lead,Contract,Hybrid,46,110,3,37739,18.9,22,1,76.2,0,37,0,2,0
2926,Sales,Associate,Full-time,Onsite,42,15,24,54599,6.0,6,0,97.3,0,14,0,1,0
2927,HR,Manager,Full-time,Remote,23,44,32,66827,18.4,16,0,61.6,0,34,1,2,1
2928,Finance,Senior Associate,Full-time,Hybrid,48,115,13,106821,19.9,4,0,93.0,1,55,1,2,0
2929,Finance,Manager,Contract,Onsite,53,86,23,126683,6.2,6,0,48.9,0,22,0,2,1
2930,HR,Senior Associate,Full-time,Onsite,42,92,10,125263,17.9,29,0,96.2,0,32,0,2,0
2931,Engineering,Associate,Full-time,Remote,25,106,24,98446,20.3,12,0,61.0,0,1,1,0,0
2932,Marketing,Senior Associate,Contract,Hybrid,40,102,27,110210,9.0,17,0,62.8,0,35,0,0,0
2933,HR,Manager,Full-time,Remote,23,9,6,113890,4.2,21,1,67.8,0,20,0,0,0
2934,Marketing,Senior Associate,Full-time,Hybrid,47,34,35,126212,2.3,13,0,83.1,1,13,0,1,0
2935,Operations,Associate,Full-time,Onsite,55,100,9,121650,14.4,17,1,83.2,0,13,0,2,0
2936,Finance,Senior Associate,Full-time,Hybrid,35,73,35,53039,24.5,2,0,68.8,1,58,1,0,0
2937,Marketing,Team Lead,Contract,Hybrid,36,15,30,149455,20.6,16,0,71.4,0,41,2,1,1
2938,Sales,Manager,Full-time,Hybrid,41,62,18,74929,10.9,18,0,41.8,1,10,0,0,0
2939,Marketing,Team Lead,Full-time,Hybrid,55,45,17,127367,13.4,6,1,58.3,0,3,0,0,1
2940,Operations,Associate,Contract,Hybrid,57,84,5,73884,7.0,20,0,60.8,0,46,0,0,0
2941,Finance,Senior Associate,Full-time,Remote,40,72,27,55146,4.1,3,0,73.5,1,51,0,0,1
2942,HR,Team Lead,Full-time,Hybrid,30,58,6,75819,12.1,14,1,73.5,0,29,0,1,0
2943,Operations,Team Lead,Full-time,Hybrid,28,92,11,113162,11.6,28,0,82.6,1,56,1,0,1
2944,Finance,Senior Associate,Full-time,Onsite,51,115,33,112632,13.0,27,0,83.0,0,35,1,1,0
2945,Marketing,Senior Associate,Full-time,Hybrid,34,19,24,61308,23.8,23,1,54.1,1,19,0,0,1
2946,Engineering,Manager,Contract,Onsite,48,16,16,43054,15.1,7,0,86.2,0,51,0,1,0
2947,Engineering,Team Lead,Full-time,Remote,56,75,32,109606,15.1,15,0,41.2,1,15,0,0,1
2948,Sales,Team Lead,Full-time,Remote,34,106,22,137789,3.2,0,0,83.0,0,33,0,0,0
2949,Finance,Associate,Full-time,Hybrid,36,8,8,82018,24.9,24,0,46.1,0,44,0,0,0
2950,Engineering,Manager,Full-time,Remote,30,33,5,56250,19.3,15,0,83.8,1,7,2,0,0
2951,HR,Associate,Contract,Hybrid,44,74,1,44413,21.9,29,0,71.6,1,44,2,1,0
2952,Finance,Team Lead,Contract,Remote,57,18,8,107391,10.4,24,1,66.2,0,19,0,0,0
2953,HR,Associate,Full-time,Hybrid,24,35,2,68921,12.6,1,0,81.4,0,20,1,3,1
2954,HR,Team Lead,Full-time,Hybrid,55,43,15,101123,13.1,1,0,42.2,0,39,1,0,0
2955,Engineering,Team Lead,Full-time,Onsite,40,50,24,104363,4.9,7,1,53.4,0,29,0,0,0
2956,Finance,Associate,Full-time,Onsite,49,3,23,55785,17.2,11,0,77.0,0,35,0,2,0
2957,Marketing,Associate,Full-time,Onsite,44,104,28,86865,22.6,10,1,90.8,1,4,1,0,1
2958,Operations,Senior Associate,Full-time,Onsite,28,91,25,127400,4.1,5,1,62.9,0,20,0,0,0
2959,Engineering,Senior Associate,Full-time,Hybrid,33,59,34,126847,2.2,18,0,55.5,0,37,0,0,1
2960,Engineering,Senior Associate,Full-time,Remote,35,28,22,36861,18.5,27,0,71.1,1,22,0,1,0
2961,Marketing,Team Lead,Full-time,Hybrid,36,46,3,106340,6.8,17,1,77.3,0,18,0,0,0
2962,Finance,Associate,Full-time,Onsite,24,64,13,43979,15.6,4,1,65.2,0,9,0,1,0
2963,Finance,Manager,Full-time,Onsite,36,70,6,96833,17.4,14,0,92.6,1,26,0,0,0
2964,HR,Team Lead,Full-time,Remote,45,47,7,143049,8.0,7,0,71.4,1,34,0,0,0
2965,Marketing,Manager,Full-time,Onsite,29,14,18,30357,20.4,5,0,42.1,1,12,0,1,1
2966,Marketing,Associate,Contract,Hybrid,26,7,1,144604,13.7,11,0,53.4,1,8,0,0,0
2967,Finance,Team Lead,Full-time,Hybrid,25,74,0,77201,21.7,18,0,67.0,0,16,0,0,0
2968,HR,Manager,Full-time,Hybrid,35,79,12,84254,19.1,11,0,81.9,0,30,0,1,1
2969,Engineering,Manager,Full-time,Hybrid,37,31,23,112160,21.7,11,1,53.2,1,41,1,1,1
2970,Sales,Senior Associate,Full-time,Hybrid,41,93,31,40796,0.5,8,0,98.6,0,43,0,0,0
2971,Operations,Senior Associate,Contract,Remote,45,106,29,53238,6.1,23,1,59.1,0,44,0,1,1
2972,Engineering,Senior Associate,Full-time,Hybrid,27,118,5,124176,2.3,9,0,71.9,1,23,0,0,0
2973,Finance,Team Lead,Full-time,Onsite,52,81,32,80978,11.1,21,0,41.1,1,41,0,1,1
2974,Operations,Associate,Contract,Onsite,27,51,22,70883,22.2,16,0,93.1,0,50,0,1,0
2975,Sales,Associate,Full-time,Onsite,56,29,9,127393,11.7,17,0,87.3,1,52,1,2,1
2976,Sales,Senior Associate,Full-time,Onsite,36,113,14,115478,21.2,15,0,51.7,1,18,0,0,0
2977,HR,Senior Associate,Full-time,Remote,50,108,22,99396,8.2,3,1,96.0,1,57,0,0,0
2978,Operations,Senior Associate,Full-time,Onsite,24,15,35,140747,8.5,17,0,59.0,1,48,1,1,1
2979,HR,Manager,Full-time,Remote,32,90,0,34447,22.4,2,1,81.5,0,57,0,1,0
2980,Engineering,Senior Associate,Full-time,Onsite,24,76,7,50523,10.6,15,0,89.1,1,29,0,0,0
2981,Marketing,Manager,Full-time,Remote,49,25,2,94079,19.7,13,0,84.5,1,4,0,0,0
2982,Marketing,Associate,Contract,Remote,31,61,13,94823,5.9,23,0,95.1,1,7,1,0,0
2983,Marketing,Team Lead,Full-time,Remote,54,41,16,79289,23.7,8,1,91.9,1,36,0,1,0
2984,Operations,Team Lead,Full-time,Onsite,37,69,33,148422,14.4,5,0,99.7,0,46,1,1,0
2985,Marketing,Team Lead,Full-time,Remote,31,4,5,130271,19.0,3,0,51.0,0,35,0,0,0
2986,Engineering,Team Lead,Full-time,Hybrid,54,108,4,134883,2.2,26,1,58.3,0,24,0,0,0
2987,HR,Manager,Full-time,Hybrid,57,112,28,34849,12.3,1,1,78.2,1,44,0,2,1
2988,Operations,Manager,Contract,Onsite,24,105,34,54718,22.5,22,0,84.0,1,48,0,1,0
2989,HR,Senior Associate,Full-time,Hybrid,26,57,17,135471,21.9,9,1,72.1,0,4,0,0,0
2990,Operations,Manager,Full-time,Hybrid,33,31,29,117862,1.2,10,0,44.4,0,32,2,1,0
2991,HR,Senior Associate,Full-time,Hybrid,34,3,14,103002,7.6,6,1,90.5,1,21,1,1,1
2992,Sales,Senior Associate,Full-time,Onsite,45,117,14,90977,11.1,25,0,97.7,0,46,0,0,0
2993,HR,Team Lead,Contract,Onsite,53,67,15,118325,4.3,24,0,64.3,0,41,0,0,1
2994,Marketing,Manager,Full-time,Hybrid,37,90,32,57135,18.2,4,0,53.5,0,24,0,0,0
2995,Sales,Manager,Contract,Onsite,53,50,9,140653,4.6,25,0,41.2,1,42,0,1,0
2996,HR,Senior Associate,Full-time,Remote,57,17,18,60262,8.7,3,0,54.2,1,49,0,0,1
2997,Operations,Senior Associate,Full-time,Hybrid,42,60,2,119971,16.6,25,1,82.0,0,28,1,1,0
2998,Operations,Associate,Full-time,Onsite,33,74,35,64787,12.1,5,1,94.7,0,44,0,0,0
2999,Operations,Associate,Full-time,Onsite,42,66,3,134478,18.5,27,0,45.6,0,51,0,1,0
3000,Finance,Senior Associate,Full-time,Hybrid,42,88,10,45689,24.0,1,0,73.2,1,55,0,1,1
